heart_rate,resp_rate,spo2,body_movement,breath_wave,sleep_stage,temperature,humidity,health_risk_level,timestamp
,,,,,,20.91,62.02,medium,2023-01-01 00:27:00
,,,,,,21.27,53.94,medium,2023-01-01 01:59:00
,,,,,,23.93,42.39,medium,2023-01-01 02:35:00
,,,,,,22.82,41.37,medium,2023-01-01 03:30:00
,,,,,,24.08,46.64,medium,2023-01-01 03:37:00
,,,,,,27.28,43.44,medium,2023-01-01 03:45:00
,,,,,,24.28,46.06,low,2023-01-01 04:48:00
,,,,,,27.08,43.85,low,2023-01-01 05:04:00
,,,,,,22.76,54.78,low,2023-01-01 05:58:00
,,,,,,24.19,40.26,low,2023-01-01 06:37:00
,,,,,,23.97,55.79,low,2023-01-01 07:23:00
,,,,,,22.79,47.94,low,2023-01-01 07:25:00
,,,,,,23.37,54.45,medium,2023-01-01 08:36:00
,,,,,,26.5,57.4,medium,2023-01-01 08:37:00
,,,,,,26.75,31.7,medium,2023-01-01 09:15:00
,,,,,,25.07,45.79,low,2023-01-01 09:41:00
,,,,,,28.91,40.78,low,2023-01-01 09:59:00
,,,,,,20.96,62.44,medium,2023-01-01 10:43:00
,,,,,,24.14,61.62,medium,2023-01-01 11:51:00
,,,,,,22.4,47.3,low,2023-01-01 11:58:00
,,,,,,26.57,43.9,medium,2023-01-01 12:11:00
,,,,,,25.88,49.45,low,2023-01-01 12:14:00
,,,,,,22.03,51.99,medium,2023-01-01 12:55:00
,,,,,,25.36,47.93,low,2023-01-01 13:15:00
,,,,,,20.51,47.52,medium,2023-01-01 13:39:00
,,,,,,27.74,56.99,medium,2023-01-01 14:25:00
,,,,,,22.79,49.24,low,2023-01-01 15:51:00
,,,,,,20.53,59.94,low,2023-01-01 15:58:00
,,,,,,27.14,50.69,medium,2023-01-01 16:26:00
,,,,,,25.93,56.11,medium,2023-01-01 16:40:00
,,,,,,22.29,50.93,low,2023-01-01 16:53:00
,,,,,,27.58,51.47,low,2023-01-01 17:32:00
,,,,,,21.45,55.59,low,2023-01-01 17:36:00
,,,,,,22.44,45.76,medium,2023-01-01 18:11:00
,,,,,,22.29,64.8,low,2023-01-01 19:14:00
,,,,,,22.57,31.95,high,2023-01-01 20:03:00
,,,,,,24.15,43.61,low,2023-01-01 20:14:00
,,,,,,23.11,52.19,medium,2023-01-01 20:22:00
,,,,,,26.09,40.96,medium,2023-01-01 21:12:00
,,,,,,23.64,44.57,low,2023-01-01 21:25:00
69.08,23.53,95.9,17.2,0.93,1.0,27.74,56.99,medium,2023-01-01 21:52:00
,,,,,,21.91,47.78,medium,2023-01-01 21:58:00
,,,,,,26.85,53.93,low,2023-01-01 22:06:00
89.15,16.81,96.57,34.53,0.95,1.0,24.6,35.41,medium,2023-01-01 22:07:00
,,,,,,23.36,55.43,low,2023-01-01 22:13:00
89.84,21.37,94.84,28.77,0.98,0.0,28.68,38.98,low,2023-01-01 22:22:00
84.12,17.15,97.44,19.03,1.1,2.0,23.83,43.06,low,2023-01-01 22:37:00
,,,,,,21.75,50.94,low,2023-01-01 22:52:00
78.57,21.29,97.64,5.3,1.14,0.0,25.85,46.43,medium,2023-01-01 23:07:00
84.5,15.3,97.18,49.73,0.89,0.0,21.88,58.51,low,2023-01-01 23:37:00
,,,,,,21.57,50.77,medium,2023-01-01 23:44:00
81.07,15.42,96.61,34.61,0.6,1.0,21.96,23.45,medium,2023-01-02 00:07:00
67.09,16.06,96.39,46.85,0.48,0.0,25.4,48.68,low,2023-01-02 00:07:00
,,,,,,24.08,46.64,medium,2023-01-02 00:12:00
88.19,17.36,97.21,37.64,1.0,0.0,22.7,50.47,low,2023-01-02 00:22:00
,,,,,,24.72,53.2,low,2023-01-02 00:25:00
95.76,16.17,96.53,15.18,0.93,1.0,23.31,57.51,medium,2023-01-02 00:37:00
,,,,,,22.1,60.39,low,2023-01-02 00:48:00
71.09,19.7,95.94,16.22,0.89,1.0,19.64,39.56,medium,2023-01-02 00:52:00
121.73,14.04,98.08,33.16,1.02,2.0,24.55,58.27,medium,2023-01-02 01:07:00
94.14,16.35,93.31,30.57,0.75,0.0,24.14,59.84,low,2023-01-02 01:07:00
87.07,18.97,98.12,11.63,1.17,0.0,24.05,35.21,medium,2023-01-02 01:22:00
,,,,,,21.64,39.28,medium,2023-01-02 01:25:00
78.14,15.23,93.08,39.5,1.24,1.0,20.95,47.49,medium,2023-01-02 01:37:00
,,,,,,21.64,39.28,medium,2023-01-02 01:43:00
,,,,,,23.57,38.22,medium,2023-01-02 01:50:00
91.38,20.25,99.71,32.27,0.92,2.0,23.7,55.88,low,2023-01-02 01:52:00
75.7,20.32,95.8,43.84,1.42,2.0,26.78,55.12,medium,2023-01-02 01:52:00
84.77,14.99,96.97,27.11,1.1,0.0,22.35,38.96,low,2023-01-02 02:07:00
,,,,,,22.26,33.88,low,2023-01-02 02:12:00
92.2,16.56,93.86,25.8,1.04,1.0,23.12,51.31,medium,2023-01-02 02:22:00
77.05,17.56,95.73,21.78,1.33,0.0,26.01,50.6,medium,2023-01-02 02:37:00
78.59,13.51,95.82,37.44,0.94,1.0,23.15,52.93,medium,2023-01-02 02:52:00
90.68,18.16,100.41,34.06,0.87,0.0,27.72,41.03,low,2023-01-02 02:52:00
114.56,17.42,97.45,29.65,0.65,1.0,25.53,38.5,medium,2023-01-02 03:07:00
71.67,15.41,98.19,36.33,0.32,0.0,25.36,46.9,low,2023-01-02 03:07:00
98.0,21.16,94.93,20.62,1.15,0.0,25.03,42.67,medium,2023-01-02 03:22:00
,,,,,,27.13,42.98,low,2023-01-02 03:22:00
,,,,,,24.01,48.27,medium,2023-01-02 03:35:00
94.32,17.86,97.78,26.09,1.13,1.0,28.29,56.34,medium,2023-01-02 03:37:00
88.89,17.61,97.15,35.95,0.75,2.0,28.18,61.24,low,2023-01-02 03:37:00
79.09,19.18,95.61,30.8,0.95,1.0,22.84,44.75,medium,2023-01-02 03:52:00
86.32,19.03,99.87,33.2,1.06,2.0,23.1,56.23,low,2023-01-02 04:07:00
,,,,,,25.76,57.62,high,2023-01-02 04:16:00
,,,,,,24.01,45.15,medium,2023-01-02 04:32:00
79.16,22.0,98.47,33.31,1.0,0.0,25.59,49.94,low,2023-01-02 04:37:00
,,,,,,25.66,48.19,low,2023-01-02 04:41:00
80.98,19.91,95.38,16.94,0.77,1.0,24.72,55.61,medium,2023-01-02 04:52:00
,,,,,,23.49,36.63,medium,2023-01-02 05:26:00
,,,,,,27.07,42.8,medium,2023-01-02 06:11:00
,,,,,,22.38,51.88,low,2023-01-02 06:12:00
,,,,,,23.69,44.52,low,2023-01-02 06:55:00
,,,,,,26.25,48.19,low,2023-01-02 07:15:00
,,,,,,25.51,55.85,low,2023-01-02 07:36:00
,,,,,,22.58,37.41,medium,2023-01-02 08:17:00
,,,,,,25.59,37.46,high,2023-01-02 08:18:00
,,,,,,26.18,48.89,medium,2023-01-02 08:41:00
,,,,,,26.54,68.91,medium,2023-01-02 09:20:00
,,,,,,23.09,52.45,low,2023-01-02 09:35:00
,,,,,,24.81,58.81,low,2023-01-02 10:01:00
,,,,,,25.26,48.51,medium,2023-01-02 10:09:00
,,,,,,23.43,40.98,low,2023-01-02 11:46:00
,,,,,,24.93,56.87,medium,2023-01-02 11:51:00
,,,,,,22.82,51.24,medium,2023-01-02 12:01:00
,,,,,,23.36,55.43,low,2023-01-02 12:31:00
,,,,,,20.95,44.13,medium,2023-01-02 13:18:00
,,,,,,24.17,65.95,medium,2023-01-02 13:22:00
,,,,,,24.18,47.79,low,2023-01-02 13:46:00
,,,,,,23.15,60.36,medium,2023-01-02 14:00:00
,,,,,,23.27,29.93,low,2023-01-02 14:09:00
,,,,,,25.59,37.46,high,2023-01-02 14:31:00
,,,,,,25.34,40.82,low,2023-01-02 15:05:00
,,,,,,21.54,55.05,medium,2023-01-02 15:45:00
,,,,,,27.97,50.12,medium,2023-01-02 16:36:00
,,,,,,27.28,43.44,medium,2023-01-02 16:48:00
,,,,,,24.16,45.41,low,2023-01-02 17:44:00
,,,,,,25.7,59.52,medium,2023-01-02 18:10:00
,,,,,,26.21,61.87,low,2023-01-02 19:05:00
,,,,,,24.89,45.27,medium,2023-01-02 20:31:00
,,,,,,22.74,47.02,low,2023-01-02 20:47:00
,,,,,,23.23,27.95,low,2023-01-02 21:12:00
,,,,,,26.52,56.86,low,2023-01-02 21:17:00
96.2,15.71,96.15,19.98,1.08,0.0,18.52,68.47,medium,2023-01-02 21:45:00
73.99,17.91,100.01,39.63,1.09,0.0,26.21,61.87,low,2023-01-02 21:45:00
74.8,20.49,95.72,30.72,0.86,1.0,27.28,49.61,medium,2023-01-02 22:00:00
93.79,21.24,94.45,25.94,0.63,2.0,23.64,44.57,low,2023-01-02 22:00:00
96.11,23.73,94.9,35.63,0.8,2.0,23.03,51.74,medium,2023-01-02 22:15:00
,,,,,,25.62,43.13,medium,2023-01-02 22:24:00
72.71,21.87,97.7,24.4,1.45,0.0,24.34,50.89,medium,2023-01-02 22:45:00
95.89,17.97,97.68,38.16,1.17,1.0,28.09,66.2,medium,2023-01-02 23:00:00
,,,,,,27.1,57.9,low,2023-01-02 23:05:00
,,,,,,25.7,58.47,medium,2023-01-02 23:08:00
75.72,16.95,97.33,39.11,1.32,0.0,25.31,75.73,medium,2023-01-02 23:30:00
,,,,,,21.78,57.26,high,2023-01-02 23:40:00
80.12,13.64,98.22,14.99,0.92,2.0,23.12,51.09,medium,2023-01-02 23:45:00
76.97,18.22,96.66,39.51,0.9,2.0,24.69,54.57,low,2023-01-02 23:45:00
77.56,15.79,97.87,24.53,0.63,1.0,25.54,42.2,medium,2023-01-03 00:00:00
76.21,19.52,97.9,21.9,0.86,2.0,22.81,55.47,low,2023-01-03 00:15:00
65.64,15.76,97.08,32.42,0.54,1.0,24.33,55.69,medium,2023-01-03 00:15:00
,,,,,,22.7,36.56,low,2023-01-03 00:18:00
94.63,16.32,99.73,21.72,1.07,0.0,22.44,38.58,low,2023-01-03 00:30:00
106.37,18.76,97.6,22.15,1.14,0.0,25.3,46.42,medium,2023-01-03 00:30:00
,,,,,,25.7,58.47,medium,2023-01-03 00:40:00
85.19,14.71,94.84,45.95,0.75,0.0,20.89,46.96,low,2023-01-03 01:30:00
,,,,,,21.75,41.72,medium,2023-01-03 01:32:00
77.76,13.24,96.8,28.41,0.71,0.0,25.1,44.19,low,2023-01-03 01:45:00
95.82,15.39,96.66,22.29,1.17,2.0,21.88,43.46,medium,2023-01-03 01:45:00
86.5,16.71,97.18,35.43,1.01,0.0,24.08,55.79,low,2023-01-03 02:00:00
77.51,19.2,99.47,44.79,1.6,1.0,22.25,36.17,medium,2023-01-03 02:00:00
,,,,,,25.64,50.46,low,2023-01-03 02:01:00
,,,,,,25.82,44.5,high,2023-01-03 02:11:00
80.37,21.99,100.0,37.18,1.47,2.0,23.78,53.26,medium,2023-01-03 02:15:00
94.11,18.84,97.16,29.37,0.77,0.0,23.44,54.62,low,2023-01-03 02:15:00
,,,,,,25.0,49.07,medium,2023-01-03 02:19:00
86.04,15.16,95.83,8.03,1.02,0.0,29.01,24.27,medium,2023-01-03 02:45:00
71.13,18.96,97.56,29.13,1.24,2.0,21.51,67.17,low,2023-01-03 02:45:00
,,,,,,25.34,39.28,high,2023-01-03 03:19:00
66.48,21.95,97.66,21.12,0.59,2.0,26.95,63.8,low,2023-01-03 03:45:00
91.05,16.41,95.81,28.93,0.69,1.0,21.56,38.4,medium,2023-01-03 03:45:00
90.5,19.96,95.06,27.26,1.18,1.0,26.4,45.92,medium,2023-01-03 04:00:00
87.28,21.56,96.65,18.15,0.88,0.0,23.11,51.94,low,2023-01-03 04:00:00
,,,,,,22.62,42.27,low,2023-01-03 04:20:00
104.34,15.56,97.84,20.88,1.3,2.0,23.53,40.14,medium,2023-01-03 04:30:00
90.86,22.74,96.82,31.14,0.82,1.0,25.18,45.58,medium,2023-01-03 05:15:00
81.14,16.65,97.22,25.22,0.81,2.0,22.93,50.79,low,2023-01-03 05:15:00
,,,,,,23.84,57.85,medium,2023-01-03 05:29:00
,,,,,,23.36,42.15,low,2023-01-03 05:30:00
,,,,,,27.12,54.63,medium,2023-01-03 05:33:00
,,,,,,26.48,41.23,medium,2023-01-03 06:23:00
,,,,,,27.01,58.77,medium,2023-01-03 06:35:00
,,,,,,21.8,50.39,medium,2023-01-03 06:58:00
,,,,,,26.52,56.86,low,2023-01-03 07:26:00
,,,,,,20.25,41.6,medium,2023-01-03 08:25:00
,,,,,,27.53,65.4,medium,2023-01-03 08:28:00
,,,,,,22.1,60.39,low,2023-01-03 08:52:00
,,,,,,23.43,40.98,low,2023-01-03 09:24:00
,,,,,,27.06,56.11,low,2023-01-03 09:39:00
,,,,,,25.69,48.36,low,2023-01-03 09:52:00
,,,,,,26.96,65.95,medium,2023-01-03 10:15:00
,,,,,,24.51,58.2,medium,2023-01-03 10:48:00
,,,,,,23.72,46.55,medium,2023-01-03 10:55:00
,,,,,,21.25,44.27,low,2023-01-03 11:38:00
,,,,,,22.46,37.77,low,2023-01-03 11:52:00
,,,,,,27.62,53.58,medium,2023-01-03 11:55:00
,,,,,,26.22,33.86,medium,2023-01-03 12:07:00
,,,,,,23.92,64.78,medium,2023-01-03 12:12:00
,,,,,,24.01,48.27,medium,2023-01-03 13:08:00
,,,,,,27.46,61.16,medium,2023-01-03 13:09:00
,,,,,,25.04,51.29,medium,2023-01-03 13:26:00
,,,,,,26.5,54.2,medium,2023-01-03 14:12:00
,,,,,,25.49,42.99,medium,2023-01-03 14:40:00
,,,,,,24.09,47.43,low,2023-01-03 14:49:00
,,,,,,25.02,48.32,low,2023-01-03 15:00:00
,,,,,,28.39,35.59,low,2023-01-03 16:48:00
,,,,,,23.1,56.23,low,2023-01-03 17:08:00
,,,,,,23.78,61.12,low,2023-01-03 18:32:00
,,,,,,25.43,29.5,low,2023-01-03 18:40:00
,,,,,,20.54,64.95,medium,2023-01-03 18:51:00
,,,,,,22.58,65.96,medium,2023-01-03 19:13:00
,,,,,,25.23,63.58,medium,2023-01-03 19:41:00
,,,,,,26.06,60.34,medium,2023-01-03 20:46:00
117.9,18.24,98.52,9.2,0.61,2.0,24.83,30.7,medium,2023-01-03 21:00:00
,,,,,,24.49,42.89,medium,2023-01-03 21:09:00
107.93,21.31,99.59,23.71,0.95,0.0,23.74,29.65,medium,2023-01-03 21:15:00
,,,,,,18.57,57.0,medium,2023-01-03 21:25:00
87.81,22.65,95.5,39.84,0.94,1.0,25.66,52.08,medium,2023-01-03 21:30:00
92.09,21.33,98.23,35.07,1.32,2.0,26.34,40.72,medium,2023-01-03 22:00:00
73.09,19.16,98.6,38.48,1.02,0.0,26.61,45.68,low,2023-01-03 22:15:00
97.88,14.92,97.2,23.0,1.36,2.0,20.95,44.13,medium,2023-01-03 22:15:00
,,,,,,25.36,46.9,low,2023-01-03 22:25:00
,,,,,,26.97,32.81,low,2023-01-03 22:28:00
,,,,,,25.88,46.1,medium,2023-01-03 22:41:00
88.52,13.93,97.7,29.64,0.52,0.0,26.33,41.77,low,2023-01-03 23:00:00
,,,,,,21.67,25.24,low,2023-01-03 23:13:00
92.13,21.12,96.86,32.3,0.95,1.0,24.84,54.0,medium,2023-01-03 23:15:00
94.76,15.14,95.57,19.31,0.42,0.0,22.95,49.86,low,2023-01-03 23:15:00
97.9,19.9,95.53,33.52,1.04,0.0,27.62,53.58,medium,2023-01-03 23:30:00
,,,,,,25.55,58.82,low,2023-01-03 23:32:00
,,,,,,23.48,55.39,medium,2023-01-03 23:34:00
77.53,16.51,96.75,26.27,0.65,1.0,24.34,49.97,medium,2023-01-03 23:45:00
76.49,16.47,98.74,22.32,0.57,0.0,24.19,40.26,low,2023-01-04 00:00:00
77.38,20.99,96.58,29.75,0.95,1.0,22.62,62.15,medium,2023-01-04 00:00:00
,,,,,,27.15,55.58,low,2023-01-04 00:09:00
86.22,14.61,94.36,19.73,1.07,2.0,24.17,47.42,low,2023-01-04 00:15:00
107.16,14.79,94.71,23.08,0.99,1.0,24.49,42.89,medium,2023-01-04 00:30:00
84.01,15.51,95.1,29.42,0.87,2.0,28.02,56.19,low,2023-01-04 00:45:00
,,,,,,27.21,65.62,medium,2023-01-04 00:54:00
74.37,15.47,96.8,34.8,0.59,2.0,25.55,58.82,low,2023-01-04 01:00:00
93.91,20.82,98.27,26.77,1.01,1.0,27.01,58.77,medium,2023-01-04 01:00:00
,,,,,,26.81,56.82,medium,2023-01-04 01:11:00
82.35,18.08,97.31,9.58,0.93,0.0,22.64,45.29,medium,2023-01-04 01:15:00
91.05,20.6,96.43,24.05,0.64,0.0,25.03,51.8,low,2023-01-04 01:30:00
,,,,,,21.82,58.9,medium,2023-01-04 01:31:00
63.86,17.79,96.72,31.25,1.07,1.0,20.5,37.43,medium,2023-01-04 01:45:00
83.03,19.41,99.87,40.12,0.31,2.0,24.76,68.12,low,2023-01-04 02:00:00
,,,,,,23.73,50.15,medium,2023-01-04 02:04:00
68.98,19.14,97.92,35.6,1.32,1.0,24.08,50.11,medium,2023-01-04 02:15:00
,,,,,,25.22,41.53,medium,2023-01-04 02:43:00
91.84,19.34,97.96,43.29,1.06,1.0,25.42,66.38,medium,2023-01-04 02:45:00
87.41,19.09,99.05,41.88,1.16,2.0,18.48,60.63,low,2023-01-04 02:45:00
,,,,,,23.94,48.46,medium,2023-01-04 03:11:00
,,,,,,25.81,50.19,low,2023-01-04 03:37:00
69.91,19.45,96.65,32.86,0.87,0.0,26.63,48.82,low,2023-01-04 04:00:00
,,,,,,22.95,49.86,low,2023-01-04 04:02:00
89.21,19.47,97.95,41.1,1.12,2.0,23.52,34.39,low,2023-01-04 04:15:00
95.53,19.39,97.87,25.16,0.89,2.0,25.3,49.01,medium,2023-01-04 04:45:00
,,,,,,21.77,66.06,medium,2023-01-04 04:45:00
74.45,16.38,96.91,52.71,1.16,2.0,22.11,46.28,low,2023-01-04 05:00:00
,,,,,,21.88,50.43,medium,2023-01-04 05:05:00
103.01,19.1,94.63,24.26,0.86,1.0,20.82,55.65,medium,2023-01-04 05:15:00
95.61,15.15,95.74,29.92,1.21,0.0,21.88,50.43,medium,2023-01-04 05:30:00
,,,,,,19.64,39.56,medium,2023-01-04 05:45:00
,,,,,,24.05,48.41,medium,2023-01-04 05:53:00
,,,,,,24.55,46.7,low,2023-01-04 06:29:00
,,,,,,26.37,43.3,medium,2023-01-04 07:03:00
,,,,,,19.61,65.99,medium,2023-01-04 07:07:00
,,,,,,21.58,44.15,medium,2023-01-04 08:38:00
,,,,,,22.74,47.02,low,2023-01-04 08:52:00
,,,,,,26.18,62.0,medium,2023-01-04 09:28:00
,,,,,,20.6,64.57,medium,2023-01-04 10:08:00
,,,,,,24.37,19.92,medium,2023-01-04 10:21:00
,,,,,,25.26,52.9,medium,2023-01-04 10:24:00
,,,,,,25.38,43.87,medium,2023-01-04 11:04:00
,,,,,,24.77,57.64,low,2023-01-04 11:34:00
,,,,,,20.63,40.66,medium,2023-01-04 12:35:00
,,,,,,26.39,54.78,medium,2023-01-04 13:00:00
,,,,,,24.58,42.69,low,2023-01-04 13:13:00
,,,,,,23.34,59.58,medium,2023-01-04 14:16:00
,,,,,,22.1,60.39,low,2023-01-04 15:04:00
,,,,,,22.63,57.66,medium,2023-01-04 15:14:00
,,,,,,25.9,48.99,medium,2023-01-04 15:28:00
,,,,,,22.38,40.58,medium,2023-01-04 16:34:00
,,,,,,21.78,57.26,high,2023-01-04 17:02:00
,,,,,,26.03,45.97,medium,2023-01-04 17:15:00
,,,,,,25.33,54.07,medium,2023-01-04 17:18:00
,,,,,,22.62,57.05,medium,2023-01-04 18:37:00
,,,,,,23.74,50.8,low,2023-01-04 18:37:00
,,,,,,23.25,46.5,medium,2023-01-04 19:48:00
,,,,,,22.8,55.44,medium,2023-01-04 20:21:00
,,,,,,26.24,41.82,medium,2023-01-04 20:59:00
91.56,20.68,93.83,25.1,1.14,2.0,23.06,52.66,low,2023-01-04 21:09:00
,,,,,,20.63,40.66,medium,2023-01-04 21:11:00
92.17,15.98,96.65,42.38,0.65,2.0,23.69,44.52,low,2023-01-04 21:24:00
82.83,12.15,97.63,26.97,1.17,2.0,26.02,59.67,low,2023-01-04 21:54:00
86.43,15.08,98.79,28.41,0.99,1.0,22.13,61.68,medium,2023-01-04 21:54:00
,,,,,,27.53,43.72,low,2023-01-04 22:01:00
82.0,19.51,96.46,54.68,0.43,1.0,24.09,48.53,medium,2023-01-04 22:09:00
,,,,,,24.75,53.11,medium,2023-01-04 22:13:00
80.5,17.05,98.92,35.58,0.67,0.0,24.49,59.03,low,2023-01-04 22:24:00
98.93,16.61,95.38,31.77,1.08,0.0,25.49,42.99,medium,2023-01-04 22:24:00
,,,,,,21.99,55.1,low,2023-01-04 22:44:00
96.58,18.59,96.1,36.31,0.53,2.0,20.01,53.74,medium,2023-01-04 23:09:00
74.25,16.3,97.79,28.56,1.24,1.0,24.45,63.64,medium,2023-01-04 23:54:00
,,,,,,26.6,49.26,medium,2023-01-04 23:55:00
69.48,16.2,97.25,23.0,1.33,1.0,27.07,81.42,medium,2023-01-05 00:09:00
,,,,,,27.97,50.12,medium,2023-01-05 00:48:00
90.32,19.85,97.55,28.91,0.85,0.0,26.11,42.77,low,2023-01-05 00:54:00
84.64,17.48,96.41,29.85,1.26,1.0,22.41,54.58,medium,2023-01-05 00:54:00
97.56,19.71,98.08,36.35,1.39,1.0,23.48,48.27,medium,2023-01-05 01:09:00
,,,,,,23.62,47.45,low,2023-01-05 01:15:00
68.84,19.12,95.8,30.37,1.12,2.0,28.91,40.78,low,2023-01-05 01:24:00
99.73,14.37,99.51,34.19,0.79,1.0,23.89,40.09,medium,2023-01-05 01:39:00
79.76,17.8,100.15,27.53,0.89,2.0,22.7,36.56,low,2023-01-05 01:39:00
107.72,18.08,93.3,38.86,0.31,0.0,25.84,47.1,medium,2023-01-05 01:54:00
93.89,16.46,96.66,20.06,0.23,0.0,23.62,47.45,low,2023-01-05 02:09:00
114.59,17.13,96.39,18.43,0.54,1.0,24.17,57.08,medium,2023-01-05 02:09:00
,,,,,,26.99,49.63,medium,2023-01-05 02:32:00
85.73,19.32,95.45,42.43,0.73,0.0,24.66,56.2,low,2023-01-05 02:39:00
,,,,,,24.0,61.16,low,2023-01-05 02:48:00
98.12,19.73,93.35,31.86,1.07,2.0,23.96,39.23,medium,2023-01-05 02:54:00
85.4,13.11,97.26,5.84,0.84,2.0,25.19,58.53,medium,2023-01-05 03:09:00
92.01,23.93,94.65,46.17,1.03,2.0,23.56,38.89,low,2023-01-05 03:09:00
,,,,,,24.16,58.73,medium,2023-01-05 03:20:00
86.02,15.58,95.75,35.23,1.13,2.0,26.8,46.75,low,2023-01-05 03:24:00
113.16,19.57,97.31,54.56,1.29,1.0,27.03,57.73,medium,2023-01-05 03:39:00
,,,,,,22.38,54.95,low,2023-01-05 03:49:00
88.21,18.97,96.0,39.92,0.95,1.0,22.49,45.66,medium,2023-01-05 03:54:00
,,,,,,20.92,36.06,medium,2023-01-05 03:58:00
,,,,,,18.57,57.0,medium,2023-01-05 04:04:00
91.36,17.79,97.73,30.64,0.41,1.0,25.45,45.41,medium,2023-01-05 04:09:00
71.9,16.84,98.04,38.49,0.91,2.0,23.86,49.4,low,2023-01-05 04:09:00
65.12,21.77,98.72,9.84,0.83,1.0,22.8,44.36,medium,2023-01-05 04:24:00
,,,,,,21.3,35.88,medium,2023-01-05 04:26:00
71.93,17.53,97.06,35.85,1.0,0.0,20.75,51.08,low,2023-01-05 04:39:00
96.57,24.63,96.16,16.3,0.97,1.0,29.16,56.67,medium,2023-01-05 04:54:00
,,,,,,19.79,37.35,low,2023-01-05 05:09:00
,,,,,,24.92,54.74,medium,2023-01-05 06:09:00
,,,,,,20.74,46.54,medium,2023-01-05 06:18:00
,,,,,,25.01,67.59,medium,2023-01-05 07:55:00
,,,,,,23.48,68.23,low,2023-01-05 08:07:00
,,,,,,22.73,63.68,low,2023-01-05 08:12:00
,,,,,,24.26,42.61,medium,2023-01-05 08:29:00
,,,,,,24.56,44.91,medium,2023-01-05 09:25:00
,,,,,,26.21,61.87,low,2023-01-05 10:25:00
,,,,,,25.85,46.43,medium,2023-01-05 11:03:00
,,,,,,23.65,60.02,medium,2023-01-05 12:21:00
,,,,,,23.57,61.18,medium,2023-01-05 13:19:00
,,,,,,24.28,46.06,low,2023-01-05 13:39:00
,,,,,,25.67,62.0,medium,2023-01-05 13:56:00
,,,,,,25.35,63.98,medium,2023-01-05 14:23:00
,,,,,,24.34,49.97,medium,2023-01-05 14:25:00
,,,,,,25.02,57.42,low,2023-01-05 14:58:00
,,,,,,20.53,59.94,low,2023-01-05 15:37:00
,,,,,,24.63,60.03,low,2023-01-05 15:51:00
,,,,,,22.58,37.41,medium,2023-01-05 15:54:00
,,,,,,24.81,58.81,low,2023-01-05 16:14:00
,,,,,,23.0,55.55,low,2023-01-05 16:20:00
,,,,,,26.27,37.14,medium,2023-01-05 16:45:00
,,,,,,23.15,61.0,medium,2023-01-05 17:28:00
,,,,,,22.51,38.06,medium,2023-01-05 17:42:00
,,,,,,22.54,39.49,medium,2023-01-05 17:52:00
,,,,,,20.95,47.49,medium,2023-01-05 18:25:00
,,,,,,24.16,49.55,low,2023-01-05 18:53:00
,,,,,,26.03,45.97,medium,2023-01-05 19:26:00
,,,,,,24.16,46.1,medium,2023-01-05 20:03:00
,,,,,,24.7,41.56,low,2023-01-05 20:48:00
,,,,,,26.79,63.75,high,2023-01-05 21:13:00
,,,,,,25.78,57.42,low,2023-01-05 21:50:00
70.6,17.12,97.23,40.18,1.0,2.0,20.85,41.23,low,2023-01-05 22:00:00
105.34,16.13,97.29,22.58,0.6,1.0,23.56,29.32,medium,2023-01-05 22:15:00
85.89,21.29,97.06,33.94,0.98,0.0,22.24,59.62,low,2023-01-05 22:30:00
,,,,,,26.31,60.52,medium,2023-01-05 22:56:00
88.77,13.72,98.22,22.23,1.21,2.0,27.06,48.08,low,2023-01-05 23:00:00
,,,,,,27.75,66.19,low,2023-01-05 23:11:00
85.53,16.79,97.19,32.28,0.37,1.0,21.17,62.13,medium,2023-01-05 23:15:00
65.5,14.37,96.64,31.23,0.7,0.0,24.09,47.43,low,2023-01-05 23:15:00
101.82,21.33,96.46,24.97,0.73,2.0,22.14,50.44,medium,2023-01-05 23:30:00
87.7,19.46,95.12,34.63,1.03,2.0,22.71,42.69,low,2023-01-05 23:45:00
78.33,15.38,96.71,44.79,0.88,2.0,25.15,59.32,low,2023-01-06 00:00:00
94.58,17.41,96.14,36.18,1.4,1.0,23.72,54.71,medium,2023-01-06 00:00:00
83.76,21.68,97.06,31.36,1.11,1.0,22.42,40.77,medium,2023-01-06 00:15:00
,,,,,,24.26,29.83,medium,2023-01-06 00:18:00
112.03,16.49,98.19,13.74,0.85,1.0,24.14,61.62,medium,2023-01-06 00:30:00
,,,,,,23.33,62.68,medium,2023-01-06 00:34:00
,,,,,,24.47,40.61,medium,2023-01-06 00:41:00
77.65,21.16,95.48,22.39,0.89,0.0,22.84,36.46,low,2023-01-06 00:45:00
99.72,21.47,98.76,12.66,1.06,2.0,25.52,43.88,medium,2023-01-06 00:45:00
98.78,22.3,95.22,27.45,1.01,0.0,23.47,44.76,medium,2023-01-06 01:00:00
,,,,,,25.74,61.15,low,2023-01-06 01:02:00
100.17,16.61,95.79,8.7,0.76,0.0,23.59,31.69,medium,2023-01-06 01:45:00
94.31,10.85,94.84,25.08,0.6,1.0,23.68,56.71,medium,2023-01-06 02:00:00
80.53,9.47,97.03,33.06,0.52,0.0,25.35,32.35,low,2023-01-06 02:00:00
,,,,,,21.05,60.23,medium,2023-01-06 02:09:00
,,,,,,24.86,47.5,low,2023-01-06 02:12:00
94.95,17.92,96.02,22.67,0.98,0.0,25.78,57.42,low,2023-01-06 02:15:00
109.69,18.06,95.91,28.17,1.41,2.0,22.74,56.02,medium,2023-01-06 02:30:00
87.56,15.74,96.52,22.04,1.32,0.0,24.04,47.06,medium,2023-01-06 02:45:00
,,,,,,25.82,44.5,high,2023-01-06 02:48:00
,,,,,,24.09,50.81,low,2023-01-06 03:15:00
95.15,23.52,95.88,20.56,0.67,1.0,21.18,54.65,medium,2023-01-06 03:15:00
59.54,16.18,98.95,29.77,0.7,0.0,22.99,44.02,medium,2023-01-06 03:30:00
94.26,22.59,98.38,24.58,1.04,1.0,22.77,58.19,medium,2023-01-06 03:45:00
90.42,14.28,95.66,23.31,0.94,1.0,24.01,45.15,medium,2023-01-06 04:15:00
75.85,22.65,97.1,30.76,0.95,2.0,25.43,29.5,low,2023-01-06 04:15:00
72.96,18.6,97.43,25.11,0.92,2.0,25.15,32.14,low,2023-01-06 04:30:00
,,,,,,22.0,42.48,low,2023-01-06 04:35:00
,,,,,,23.57,52.7,medium,2023-01-06 04:40:00
68.34,17.35,96.25,23.59,0.69,2.0,25.88,49.45,low,2023-01-06 04:45:00
90.08,24.19,95.4,30.24,1.42,0.0,24.53,49.55,medium,2023-01-06 04:45:00
,,,,,,24.53,49.6,low,2023-01-06 04:55:00
104.69,18.75,97.63,34.47,0.64,2.0,20.96,62.44,medium,2023-01-06 05:00:00
89.01,17.53,94.14,21.4,0.88,0.0,27.78,35.84,low,2023-01-06 05:15:00
,,,,,,27.03,57.73,medium,2023-01-06 05:24:00
,,,,,,22.44,45.76,medium,2023-01-06 05:26:00
,,,,,,22.72,86.58,medium,2023-01-06 05:52:00
,,,,,,24.04,53.67,low,2023-01-06 06:14:00
,,,,,,20.58,46.07,low,2023-01-06 06:48:00
,,,,,,24.55,58.27,medium,2023-01-06 07:36:00
,,,,,,25.4,48.68,low,2023-01-06 08:02:00
,,,,,,26.75,53.6,medium,2023-01-06 08:13:00
,,,,,,24.1,62.5,medium,2023-01-06 08:54:00
,,,,,,24.38,44.4,low,2023-01-06 09:17:00
,,,,,,24.81,40.88,low,2023-01-06 09:37:00
,,,,,,24.96,52.41,medium,2023-01-06 10:45:00
,,,,,,24.17,57.08,medium,2023-01-06 10:49:00
,,,,,,23.98,30.11,low,2023-01-06 10:58:00
,,,,,,25.78,48.28,medium,2023-01-06 11:03:00
,,,,,,20.58,46.07,low,2023-01-06 11:16:00
,,,,,,26.68,72.49,low,2023-01-06 12:10:00
,,,,,,26.27,41.46,medium,2023-01-06 12:12:00
,,,,,,22.94,45.08,medium,2023-01-06 12:14:00
,,,,,,27.32,45.85,medium,2023-01-06 13:46:00
,,,,,,23.62,40.57,low,2023-01-06 14:09:00
,,,,,,25.74,59.49,medium,2023-01-06 14:16:00
,,,,,,27.12,54.63,medium,2023-01-06 14:20:00
,,,,,,21.82,58.9,medium,2023-01-06 15:05:00
,,,,,,26.13,43.2,low,2023-01-06 16:23:00
,,,,,,21.75,41.72,medium,2023-01-06 16:35:00
,,,,,,24.17,40.54,medium,2023-01-06 17:18:00
,,,,,,22.84,36.46,low,2023-01-06 18:38:00
,,,,,,20.64,60.55,low,2023-01-06 19:08:00
,,,,,,21.82,58.9,medium,2023-01-06 19:16:00
,,,,,,27.36,31.26,medium,2023-01-06 19:28:00
,,,,,,25.72,48.4,medium,2023-01-06 20:32:00
,,,,,,22.69,48.79,low,2023-01-06 20:45:00
65.76,18.74,97.23,31.01,1.18,1.0,26.49,30.84,medium,2023-01-06 21:21:00
97.72,12.36,95.22,31.85,1.14,0.0,23.87,69.82,medium,2023-01-06 21:36:00
87.4,13.53,97.14,22.81,0.53,0.0,20.82,64.8,low,2023-01-06 21:36:00
,,,,,,22.94,45.08,medium,2023-01-06 21:56:00
101.71,21.53,97.35,17.97,1.0,0.0,27.12,54.63,medium,2023-01-06 22:06:00
102.04,16.4,94.87,32.14,0.74,2.0,21.94,50.92,medium,2023-01-06 22:21:00
,,,,,,22.93,50.79,low,2023-01-06 22:42:00
63.65,21.87,98.15,24.99,0.57,2.0,25.64,50.46,low,2023-01-06 22:51:00
,,,,,,23.99,56.69,medium,2023-01-06 22:58:00
,,,,,,24.28,46.06,low,2023-01-06 23:05:00
96.8,17.07,95.51,29.38,1.38,0.0,25.26,62.35,medium,2023-01-06 23:06:00
90.58,19.34,96.06,40.51,0.83,2.0,24.82,48.76,low,2023-01-06 23:36:00
79.31,16.9,97.0,41.51,0.66,0.0,25.52,42.2,low,2023-01-06 23:51:00
87.37,16.15,96.53,36.16,1.36,1.0,23.99,40.3,medium,2023-01-07 00:06:00
83.18,14.58,98.08,21.98,0.68,2.0,22.34,48.91,low,2023-01-07 00:06:00
81.2,13.78,95.6,28.91,1.31,2.0,24.87,54.04,medium,2023-01-07 00:21:00
,,,,,,23.67,55.72,low,2023-01-07 00:34:00
83.71,15.91,96.94,35.37,1.02,1.0,21.48,43.84,medium,2023-01-07 00:36:00
93.92,14.34,96.08,19.96,0.84,2.0,25.43,53.31,low,2023-01-07 00:36:00
,,,,,,19.13,34.9,medium,2023-01-07 00:50:00
82.8,16.93,98.77,23.73,1.01,0.0,24.1,63.66,low,2023-01-07 00:51:00
98.51,17.18,97.73,36.58,1.13,0.0,22.27,51.06,medium,2023-01-07 00:51:00
94.75,16.03,94.69,37.07,1.28,1.0,23.34,51.55,medium,2023-01-07 01:21:00
62.68,16.18,95.61,35.68,0.76,2.0,20.53,59.94,low,2023-01-07 01:36:00
,,,,,,21.2,52.07,medium,2023-01-07 01:37:00
103.83,14.02,97.78,21.84,1.06,2.0,24.14,50.89,medium,2023-01-07 01:51:00
,,,,,,26.54,68.91,medium,2023-01-07 01:56:00
89.94,14.08,97.29,52.89,0.53,1.0,21.15,47.33,medium,2023-01-07 02:21:00
,,,,,,24.53,54.11,medium,2023-01-07 02:28:00
84.55,18.41,96.21,34.04,0.6,0.0,25.63,49.52,low,2023-01-07 02:36:00
89.45,21.46,95.6,23.34,1.09,1.0,24.3,66.71,medium,2023-01-07 02:36:00
100.8,15.49,99.37,40.5,0.9,1.0,22.08,58.31,medium,2023-01-07 02:51:00
,,,,,,23.68,56.71,medium,2023-01-07 02:54:00
80.04,20.36,95.46,20.92,1.2,0.0,20.14,73.04,low,2023-01-07 03:06:00
,,,,,,24.66,58.4,low,2023-01-07 03:25:00
70.28,23.31,99.76,35.91,1.6,2.0,25.04,69.44,medium,2023-01-07 03:36:00
,,,,,,23.84,57.85,medium,2023-01-07 03:42:00
93.94,17.49,97.06,35.31,0.84,2.0,24.78,27.1,low,2023-01-07 03:51:00
,,,,,,27.58,52.19,medium,2023-01-07 04:01:00
86.45,22.64,96.64,31.92,1.29,1.0,22.52,56.29,medium,2023-01-07 04:21:00
80.47,20.15,96.15,34.23,1.1,0.0,24.28,46.06,low,2023-01-07 04:21:00
,,,,,,25.57,41.02,medium,2023-01-07 04:31:00
78.39,24.23,98.55,45.35,0.8,2.0,24.21,39.99,low,2023-01-07 04:36:00
,,,,,,24.47,33.1,low,2023-01-07 04:55:00
108.58,15.58,97.23,31.13,0.91,0.0,24.08,39.98,medium,2023-01-07 05:06:00
,,,,,,26.01,50.6,medium,2023-01-07 05:24:00
,,,,,,21.11,50.93,low,2023-01-07 05:27:00
87.21,23.4,98.86,32.1,0.85,1.0,20.87,47.83,medium,2023-01-07 05:36:00
,,,,,,22.39,47.99,low,2023-01-07 06:12:00
,,,,,,24.15,43.61,low,2023-01-07 06:23:00
,,,,,,21.32,43.01,medium,2023-01-07 06:42:00
,,,,,,23.69,46.47,low,2023-01-07 07:29:00
,,,,,,21.24,58.96,medium,2023-01-07 07:31:00
,,,,,,24.07,37.65,low,2023-01-07 08:06:00
,,,,,,21.15,53.94,medium,2023-01-07 09:07:00
,,,,,,23.28,65.01,low,2023-01-07 10:33:00
,,,,,,26.27,41.46,medium,2023-01-07 11:39:00
,,,,,,24.6,56.81,low,2023-01-07 11:40:00
,,,,,,20.64,60.55,low,2023-01-07 11:48:00
,,,,,,24.06,66.9,low,2023-01-07 12:26:00
,,,,,,26.81,56.82,medium,2023-01-07 12:37:00
,,,,,,24.76,54.66,medium,2023-01-07 12:52:00
,,,,,,27.53,39.36,medium,2023-01-07 13:32:00
,,,,,,23.27,29.93,low,2023-01-07 14:14:00
,,,,,,23.04,72.93,low,2023-01-07 14:51:00
,,,,,,24.09,50.81,low,2023-01-07 15:34:00
,,,,,,24.08,60.92,low,2023-01-07 15:43:00
,,,,,,22.0,42.48,low,2023-01-07 16:38:00
,,,,,,20.64,60.55,low,2023-01-07 16:49:00
,,,,,,20.18,34.88,medium,2023-01-07 16:57:00
,,,,,,26.54,68.91,medium,2023-01-07 17:25:00
,,,,,,21.35,54.24,medium,2023-01-07 17:31:00
,,,,,,25.33,49.37,medium,2023-01-07 18:54:00
,,,,,,21.91,47.78,medium,2023-01-07 19:41:00
,,,,,,25.19,58.53,medium,2023-01-07 20:52:00
,,,,,,25.93,43.24,low,2023-01-07 21:37:00
102.88,15.34,99.19,25.47,0.96,2.0,25.3,38.62,medium,2023-01-07 21:43:00
81.14,17.18,96.86,37.74,1.19,2.0,24.66,58.4,low,2023-01-07 21:58:00
108.18,17.69,98.09,30.1,1.12,0.0,25.72,47.65,medium,2023-01-07 21:58:00
103.94,14.7,95.28,13.9,0.85,2.0,22.62,67.0,medium,2023-01-07 22:13:00
,,,,,,21.77,66.06,medium,2023-01-07 22:22:00
,,,,,,26.49,30.84,medium,2023-01-07 22:35:00
102.85,18.26,98.21,35.46,1.41,0.0,23.52,39.15,medium,2023-01-07 22:43:00
,,,,,,25.61,52.54,low,2023-01-07 22:51:00
102.0,20.04,97.23,47.12,0.94,0.0,22.76,55.98,medium,2023-01-07 22:58:00
88.37,21.05,95.4,39.95,0.78,2.0,28.3,43.52,low,2023-01-07 23:13:00
,,,,,,25.7,58.47,medium,2023-01-07 23:15:00
56.63,14.83,93.52,19.34,0.77,2.0,26.96,65.95,medium,2023-01-07 23:28:00
82.15,13.62,96.03,41.38,0.82,0.0,24.09,55.58,low,2023-01-07 23:28:00
,,,,,,25.02,48.32,low,2023-01-07 23:57:00
82.54,14.48,94.44,30.74,0.83,0.0,23.48,68.23,low,2023-01-07 23:58:00
84.25,21.37,96.5,35.65,0.69,1.0,22.27,48.59,medium,2023-01-08 00:13:00
83.17,22.52,96.1,25.12,1.14,0.0,23.65,49.82,low,2023-01-08 00:13:00
,,,,,,20.53,59.94,low,2023-01-08 00:36:00
65.52,18.36,96.9,32.91,0.89,2.0,24.31,49.58,low,2023-01-08 00:43:00
59.97,17.44,96.64,44.3,1.1,0.0,23.4,46.74,medium,2023-01-08 00:43:00
,,,,,,25.3,49.01,medium,2023-01-08 00:56:00
,,,,,,20.75,51.08,low,2023-01-08 01:08:00
88.8,18.57,94.59,25.61,1.5,1.0,23.02,69.65,medium,2023-01-08 01:13:00
103.67,17.88,97.33,35.36,1.11,2.0,26.17,60.55,medium,2023-01-08 01:28:00
89.56,14.29,96.19,33.15,1.04,2.0,23.27,29.93,low,2023-01-08 01:28:00
,,,,,,23.15,45.0,low,2023-01-08 01:33:00
82.67,16.01,96.56,43.46,0.68,1.0,22.62,57.05,medium,2023-01-08 01:43:00
78.49,19.28,96.69,22.42,0.71,0.0,23.09,39.6,low,2023-01-08 01:58:00
,,,,,,27.16,47.29,low,2023-01-08 02:02:00
88.0,20.43,96.41,22.32,1.23,2.0,26.25,39.56,low,2023-01-08 02:13:00
74.21,18.02,96.16,47.04,0.63,2.0,21.8,64.21,low,2023-01-08 02:43:00
97.86,18.57,98.41,19.67,1.12,1.0,27.28,43.44,medium,2023-01-08 03:13:00
79.4,18.3,98.68,23.24,1.29,1.0,22.58,37.41,medium,2023-01-08 03:28:00
,,,,,,25.85,46.43,medium,2023-01-08 03:34:00
101.43,12.72,97.58,17.71,1.28,0.0,25.72,39.6,medium,2023-01-08 03:43:00
100.3,20.3,96.5,28.66,0.28,2.0,21.2,52.07,medium,2023-01-08 04:13:00
91.85,18.73,95.36,20.14,0.71,0.0,22.41,51.49,low,2023-01-08 04:28:00
,,,,,,20.85,41.23,low,2023-01-08 04:31:00
108.91,15.7,96.18,38.6,0.88,1.0,23.91,43.1,medium,2023-01-08 04:43:00
,,,,,,22.13,36.15,medium,2023-01-08 04:51:00
,,,,,,20.0,50.34,low,2023-01-08 04:53:00
74.78,18.53,101.48,33.67,0.91,1.0,23.35,58.03,medium,2023-01-08 04:58:00
65.52,15.78,96.03,28.67,0.89,2.0,26.42,45.07,low,2023-01-08 04:58:00
85.05,20.38,96.98,32.52,0.89,1.0,23.94,48.46,medium,2023-01-08 05:13:00
86.03,15.76,98.49,27.83,1.16,0.0,23.05,41.45,low,2023-01-08 05:13:00
,,,,,,23.04,72.93,low,2023-01-08 05:21:00
,,,,,,26.85,53.93,low,2023-01-08 05:26:00
,,,,,,29.16,56.67,medium,2023-01-08 05:58:00
,,,,,,21.17,62.13,medium,2023-01-08 06:30:00
,,,,,,23.72,54.57,medium,2023-01-08 06:34:00
,,,,,,27.35,37.89,low,2023-01-08 07:29:00
,,,,,,23.83,40.52,medium,2023-01-08 07:46:00
,,,,,,22.16,42.95,medium,2023-01-08 08:42:00
,,,,,,24.86,47.5,low,2023-01-08 08:50:00
,,,,,,24.32,50.03,low,2023-01-08 08:54:00
,,,,,,25.18,29.46,medium,2023-01-08 09:42:00
,,,,,,23.44,54.62,low,2023-01-08 09:55:00
,,,,,,22.24,59.62,low,2023-01-08 10:08:00
,,,,,,27.48,59.79,medium,2023-01-08 10:09:00
,,,,,,23.33,44.59,low,2023-01-08 10:33:00
,,,,,,28.44,49.58,low,2023-01-08 11:36:00
,,,,,,22.41,64.29,low,2023-01-08 11:52:00
,,,,,,23.56,38.62,low,2023-01-08 12:10:00
,,,,,,25.59,46.73,low,2023-01-08 12:47:00
,,,,,,21.15,53.94,medium,2023-01-08 13:03:00
,,,,,,21.8,50.39,medium,2023-01-08 13:06:00
,,,,,,22.93,53.25,low,2023-01-08 13:08:00
,,,,,,26.39,35.24,high,2023-01-08 14:06:00
,,,,,,24.5,45.67,medium,2023-01-08 14:21:00
,,,,,,26.95,63.8,low,2023-01-08 14:31:00
,,,,,,22.62,62.15,medium,2023-01-08 15:36:00
,,,,,,21.82,58.35,low,2023-01-08 15:51:00
,,,,,,21.88,46.14,low,2023-01-08 16:14:00
,,,,,,23.52,50.79,medium,2023-01-08 17:07:00
,,,,,,26.52,56.86,low,2023-01-08 17:22:00
,,,,,,23.53,29.89,low,2023-01-08 17:25:00
,,,,,,21.91,47.78,medium,2023-01-08 18:30:00
,,,,,,22.71,50.97,low,2023-01-08 19:25:00
,,,,,,25.25,63.49,high,2023-01-08 19:48:00
,,,,,,22.95,63.88,medium,2023-01-08 19:49:00
,,,,,,24.7,37.55,low,2023-01-08 20:25:00
,,,,,,25.17,46.41,high,2023-01-08 20:36:00
,,,,,,25.0,49.07,medium,2023-01-08 20:43:00
,,,,,,22.8,39.68,medium,2023-01-08 21:15:00
92.98,15.61,95.57,15.56,0.86,2.0,22.4,47.3,low,2023-01-08 21:26:00
102.67,16.19,96.66,13.61,0.88,1.0,24.04,52.3,medium,2023-01-08 21:26:00
64.28,14.92,96.27,38.95,1.09,2.0,23.47,60.37,low,2023-01-08 21:41:00
96.99,22.12,97.91,48.87,1.04,0.0,22.95,63.88,medium,2023-01-08 21:41:00
,,,,,,27.03,57.73,medium,2023-01-08 22:00:00
90.25,16.91,97.89,29.59,1.05,0.0,22.52,48.97,low,2023-01-08 22:41:00
106.99,20.44,97.72,33.69,1.12,2.0,20.14,65.17,medium,2023-01-08 22:56:00
89.29,10.37,99.98,37.47,1.59,1.0,23.15,60.36,medium,2023-01-08 23:11:00
91.95,17.69,98.4,16.8,0.95,2.0,22.87,45.29,low,2023-01-08 23:11:00
,,,,,,21.99,55.1,low,2023-01-08 23:36:00
,,,,,,25.27,50.69,medium,2023-01-08 23:39:00
83.87,20.46,97.24,47.31,0.75,0.0,24.2,48.49,low,2023-01-08 23:41:00
,,,,,,21.66,55.21,low,2023-01-08 23:54:00
97.43,17.88,97.28,20.04,1.29,1.0,27.48,46.79,medium,2023-01-08 23:56:00
61.8,21.21,95.84,31.32,0.97,0.0,23.04,72.93,low,2023-01-09 00:11:00
,,,,,,27.75,66.19,low,2023-01-09 00:22:00
94.1,20.06,99.77,28.24,1.2,1.0,26.24,41.82,medium,2023-01-09 00:26:00
104.94,17.56,96.2,22.33,0.74,0.0,22.57,47.38,medium,2023-01-09 00:41:00
82.34,14.47,99.73,24.34,1.25,0.0,24.81,40.88,low,2023-01-09 00:41:00
,,,,,,26.4,45.92,medium,2023-01-09 00:59:00
82.16,21.41,95.34,21.75,0.82,1.0,24.29,56.16,medium,2023-01-09 01:11:00
,,,,,,22.25,36.17,medium,2023-01-09 01:12:00
,,,,,,23.34,50.03,medium,2023-01-09 01:13:00
74.99,17.58,96.08,13.59,0.7,1.0,21.54,55.05,medium,2023-01-09 01:26:00
,,,,,,23.1,56.28,low,2023-01-09 01:38:00
77.49,16.8,98.86,28.77,1.18,0.0,26.42,61.02,low,2023-01-09 01:56:00
87.35,20.09,94.81,18.28,1.34,1.0,26.77,66.6,medium,2023-01-09 01:56:00
90.82,13.05,97.01,50.76,0.89,1.0,21.37,58.54,medium,2023-01-09 02:11:00
91.57,22.09,94.93,28.03,0.82,2.0,25.93,53.63,low,2023-01-09 02:11:00
,,,,,,24.34,54.41,medium,2023-01-09 02:15:00
,,,,,,22.47,47.7,low,2023-01-09 02:22:00
87.72,18.77,96.92,16.98,1.1,1.0,22.54,57.8,medium,2023-01-09 02:26:00
,,,,,,22.57,47.38,medium,2023-01-09 02:52:00
85.26,15.16,96.9,26.5,1.05,2.0,20.99,39.63,low,2023-01-09 02:56:00
,,,,,,27.95,52.05,low,2023-01-09 03:22:00
107.76,18.66,99.09,9.51,1.24,1.0,22.57,38.7,medium,2023-01-09 03:26:00
78.24,19.25,95.24,52.74,0.93,2.0,24.02,43.71,low,2023-01-09 03:26:00
,,,,,,24.16,63.97,low,2023-01-09 03:26:00
80.38,19.15,97.21,8.69,1.23,1.0,24.43,45.67,medium,2023-01-09 03:41:00
81.72,21.16,96.21,10.36,0.85,0.0,24.69,67.29,medium,2023-01-09 03:56:00
90.34,16.95,95.51,24.68,1.36,2.0,26.48,41.23,medium,2023-01-09 04:11:00
58.67,18.28,96.62,36.49,1.58,0.0,23.03,58.76,medium,2023-01-09 04:26:00
,,,,,,27.32,45.85,medium,2023-01-09 04:38:00
87.79,17.34,93.14,27.46,1.06,1.0,25.66,50.67,medium,2023-01-09 04:56:00
93.62,17.53,96.04,46.65,0.74,2.0,24.07,37.65,low,2023-01-09 04:56:00
83.07,13.88,97.42,28.27,1.11,2.0,23.73,51.83,low,2023-01-09 05:11:00
,,,,,,22.79,67.19,low,2023-01-09 05:20:00
,,,,,,26.75,53.6,medium,2023-01-09 05:25:00
,,,,,,24.52,37.58,medium,2023-01-09 06:09:00
,,,,,,20.58,76.38,medium,2023-01-09 06:39:00
,,,,,,25.1,44.19,low,2023-01-09 07:53:00
,,,,,,26.13,43.2,low,2023-01-09 07:53:00
,,,,,,21.15,47.33,medium,2023-01-09 08:08:00
,,,,,,25.68,67.4,high,2023-01-09 09:11:00
,,,,,,25.95,27.98,medium,2023-01-09 10:48:00
,,,,,,28.18,61.24,low,2023-01-09 10:48:00
,,,,,,20.18,34.88,medium,2023-01-09 11:19:00
,,,,,,25.93,56.11,medium,2023-01-09 12:34:00
,,,,,,21.24,45.64,low,2023-01-09 13:13:00
,,,,,,25.87,45.67,low,2023-01-09 13:38:00
,,,,,,27.36,42.75,medium,2023-01-09 14:52:00
,,,,,,28.09,66.2,medium,2023-01-09 14:54:00
,,,,,,26.48,41.23,medium,2023-01-09 14:56:00
,,,,,,19.83,41.32,low,2023-01-09 15:06:00
,,,,,,22.64,58.65,low,2023-01-09 15:19:00
,,,,,,27.07,42.8,medium,2023-01-09 16:13:00
,,,,,,21.85,50.46,medium,2023-01-09 16:46:00
,,,,,,25.79,53.19,low,2023-01-09 17:26:00
,,,,,,21.88,58.51,low,2023-01-09 17:54:00
,,,,,,26.09,40.96,medium,2023-01-09 17:54:00
,,,,,,22.33,48.97,low,2023-01-09 18:10:00
,,,,,,22.6,57.09,medium,2023-01-09 19:32:00
,,,,,,23.63,55.72,medium,2023-01-09 20:04:00
,,,,,,25.37,49.45,medium,2023-01-09 20:41:00
,,,,,,24.64,48.33,medium,2023-01-09 21:04:00
,,,,,,27.95,52.05,low,2023-01-09 21:16:00
63.96,17.06,97.47,27.24,0.96,2.0,21.24,45.64,low,2023-01-09 21:31:00
,,,,,,24.08,55.79,low,2023-01-09 21:44:00
94.72,14.59,97.55,36.53,1.26,0.0,21.42,48.57,low,2023-01-09 21:46:00
97.63,18.67,96.58,11.74,0.61,1.0,27.53,65.4,medium,2023-01-09 22:01:00
87.22,13.65,98.12,43.87,1.17,2.0,23.93,60.34,low,2023-01-09 22:01:00
86.6,17.6,94.61,38.74,1.11,1.0,26.2,41.19,medium,2023-01-09 22:16:00
,,,,,,23.11,52.19,medium,2023-01-09 22:30:00
76.45,21.56,99.15,27.62,1.01,1.0,25.26,52.9,medium,2023-01-09 22:31:00
93.73,24.65,98.27,39.26,0.57,2.0,26.67,49.42,low,2023-01-09 22:31:00
,,,,,,22.76,42.72,low,2023-01-09 22:38:00
,,,,,,22.13,36.15,medium,2023-01-09 22:44:00
100.0,20.34,96.94,25.82,0.39,0.0,26.39,54.78,medium,2023-01-09 22:46:00
80.25,16.64,98.34,39.02,1.51,1.0,25.37,49.45,medium,2023-01-09 23:31:00
93.0,16.99,97.21,35.21,1.13,2.0,26.7,57.12,low,2023-01-09 23:31:00
,,,,,,26.21,61.87,low,2023-01-09 23:46:00
77.12,16.87,97.42,17.02,0.77,1.0,24.25,59.24,medium,2023-01-10 00:01:00
87.66,18.26,96.36,34.92,1.01,0.0,24.17,42.86,low,2023-01-10 00:16:00
81.91,17.79,98.03,23.16,0.92,2.0,23.97,55.89,low,2023-01-10 00:31:00
,,,,,,22.49,45.66,medium,2023-01-10 00:37:00
95.97,13.36,99.38,35.74,1.42,0.0,21.32,43.01,medium,2023-01-10 00:46:00
,,,,,,25.48,57.06,medium,2023-01-10 00:46:00
79.31,18.57,94.61,27.9,0.26,2.0,20.65,50.61,low,2023-01-10 01:01:00
90.31,14.79,96.76,24.23,1.0,2.0,25.61,52.54,low,2023-01-10 01:16:00
82.65,13.01,94.89,29.64,1.35,2.0,25.27,55.86,medium,2023-01-10 01:16:00
,,,,,,23.77,44.07,medium,2023-01-10 01:26:00
106.21,19.51,99.76,23.49,0.81,0.0,22.79,54.56,medium,2023-01-10 01:31:00
,,,,,,25.09,69.38,medium,2023-01-10 01:34:00
,,,,,,27.07,42.8,medium,2023-01-10 01:43:00
84.25,21.69,98.03,41.07,0.98,1.0,27.58,52.19,medium,2023-01-10 01:46:00
72.84,12.49,99.41,19.42,0.8,2.0,22.64,58.65,low,2023-01-10 02:01:00
,,,,,,22.78,45.44,medium,2023-01-10 02:13:00
82.79,12.11,96.41,10.13,0.92,1.0,26.41,61.42,medium,2023-01-10 02:16:00
75.3,17.95,99.32,40.99,1.14,0.0,23.74,32.67,low,2023-01-10 03:01:00
98.93,14.19,95.12,37.66,0.65,0.0,25.22,41.53,medium,2023-01-10 03:01:00
,,,,,,23.15,45.0,low,2023-01-10 03:17:00
79.49,15.92,95.27,12.48,0.88,1.0,24.32,65.68,medium,2023-01-10 03:31:00
,,,,,,21.15,47.33,medium,2023-01-10 03:45:00
98.27,24.68,97.02,29.43,0.89,0.0,25.11,74.29,medium,2023-01-10 03:46:00
74.84,20.78,96.5,24.9,1.04,0.0,25.54,56.63,low,2023-01-10 03:46:00
85.93,22.87,99.93,22.27,1.0,1.0,24.75,53.11,medium,2023-01-10 04:01:00
,,,,,,25.37,54.42,medium,2023-01-10 04:01:00
67.4,16.5,98.46,35.16,1.29,1.0,25.04,51.29,medium,2023-01-10 04:31:00
98.95,18.14,98.05,33.2,1.05,0.0,25.53,60.1,medium,2023-01-10 04:46:00
,,,,,,24.13,52.05,low,2023-01-10 04:53:00
73.06,19.65,99.7,16.98,0.44,2.0,20.11,70.34,low,2023-01-10 05:01:00
75.49,16.8,95.62,33.27,1.52,0.0,25.41,57.81,medium,2023-01-10 05:01:00
,,,,,,22.38,40.58,medium,2023-01-10 05:13:00
,,,,,,25.45,70.56,high,2023-01-10 05:50:00
,,,,,,21.8,50.39,medium,2023-01-10 06:24:00
,,,,,,24.66,58.4,low,2023-01-10 06:40:00
,,,,,,21.99,51.51,high,2023-01-10 06:51:00
,,,,,,24.32,50.09,low,2023-01-10 07:21:00
,,,,,,28.02,56.19,low,2023-01-10 08:16:00
,,,,,,29.01,24.27,medium,2023-01-10 09:08:00
,,,,,,23.69,46.47,low,2023-01-10 09:16:00
,,,,,,24.08,46.64,medium,2023-01-10 09:50:00
,,,,,,24.26,42.61,medium,2023-01-10 10:12:00
,,,,,,24.28,49.14,medium,2023-01-10 10:38:00
,,,,,,24.85,55.56,low,2023-01-10 11:13:00
,,,,,,24.33,71.96,medium,2023-01-10 12:13:00
,,,,,,23.45,48.41,medium,2023-01-10 12:19:00
,,,,,,23.94,67.72,medium,2023-01-10 13:16:00
,,,,,,24.6,49.46,medium,2023-01-10 13:46:00
,,,,,,20.54,64.95,medium,2023-01-10 13:53:00
,,,,,,20.5,37.43,medium,2023-01-10 14:56:00
,,,,,,20.25,48.51,medium,2023-01-10 14:59:00
,,,,,,25.34,40.82,low,2023-01-10 15:03:00
,,,,,,23.44,54.62,low,2023-01-10 15:31:00
,,,,,,25.18,29.46,medium,2023-01-10 16:07:00
,,,,,,24.08,60.92,low,2023-01-10 17:00:00
,,,,,,22.97,60.96,low,2023-01-10 17:40:00
,,,,,,21.66,55.21,low,2023-01-10 18:37:00
,,,,,,23.87,69.82,medium,2023-01-10 18:46:00
,,,,,,23.99,40.3,medium,2023-01-10 19:30:00
,,,,,,22.66,23.9,medium,2023-01-10 19:56:00
,,,,,,20.89,22.15,low,2023-01-10 19:57:00
,,,,,,25.34,40.82,low,2023-01-10 20:17:00
,,,,,,23.35,58.03,medium,2023-01-10 20:25:00
,,,,,,23.05,50.84,medium,2023-01-10 21:03:00
,,,,,,23.93,42.39,medium,2023-01-10 21:13:00
85.91,19.87,97.43,29.01,0.78,0.0,24.16,49.55,low,2023-01-10 21:22:00
83.72,20.99,99.55,13.62,0.46,0.0,24.86,58.78,medium,2023-01-10 21:22:00
84.69,17.35,97.09,23.96,0.9,2.0,19.83,41.32,low,2023-01-10 21:37:00
88.78,19.42,98.41,20.22,1.42,0.0,22.44,45.76,medium,2023-01-10 21:52:00
74.1,18.19,96.46,21.09,0.98,1.0,22.22,63.78,medium,2023-01-10 22:07:00
95.85,17.11,98.97,33.21,1.06,0.0,22.11,45.14,medium,2023-01-10 22:22:00
78.05,17.82,95.34,18.31,1.14,2.0,25.98,35.56,low,2023-01-10 22:37:00
,,,,,,22.14,50.44,medium,2023-01-10 22:41:00
90.49,16.51,96.73,20.1,0.99,1.0,25.98,44.13,medium,2023-01-10 22:52:00
,,,,,,24.59,52.49,low,2023-01-10 22:58:00
102.41,20.64,95.38,43.76,1.09,1.0,21.8,50.39,medium,2023-01-10 23:07:00
,,,,,,21.96,23.45,medium,2023-01-10 23:08:00
80.59,17.39,99.71,26.49,1.31,0.0,25.08,59.78,medium,2023-01-10 23:22:00
78.08,15.79,94.43,16.28,0.94,0.0,26.85,53.93,low,2023-01-10 23:37:00
,,,,,,24.14,59.84,low,2023-01-10 23:40:00
,,,,,,24.14,52.15,medium,2023-01-10 23:47:00
,,,,,,27.53,39.36,medium,2023-01-11 00:07:00
71.87,20.27,98.42,22.96,0.77,1.0,24.36,55.53,medium,2023-01-11 00:22:00
62.14,18.77,96.12,28.14,0.78,0.0,27.95,52.05,low,2023-01-11 00:37:00
73.95,16.52,96.42,32.89,0.73,1.0,24.64,51.81,medium,2023-01-11 00:37:00
97.07,12.9,97.72,33.37,1.07,0.0,22.05,63.04,medium,2023-01-11 00:52:00
,,,,,,23.97,55.89,low,2023-01-11 01:05:00
70.32,23.08,94.39,37.05,1.44,2.0,23.77,44.07,medium,2023-01-11 01:07:00
91.08,22.85,98.24,57.63,0.53,0.0,24.72,53.2,low,2023-01-11 01:07:00
,,,,,,22.57,47.38,medium,2023-01-11 01:16:00
,,,,,,24.34,40.78,low,2023-01-11 01:18:00
79.66,15.29,96.89,34.86,1.42,2.0,25.62,43.13,medium,2023-01-11 01:52:00
69.54,15.3,94.0,32.64,1.51,0.0,21.89,39.41,medium,2023-01-11 02:07:00
92.91,13.24,97.01,43.85,0.87,0.0,18.27,31.12,low,2023-01-11 02:07:00
93.24,19.46,96.51,46.2,0.81,2.0,24.63,43.41,low,2023-01-11 02:22:00
91.21,16.3,95.32,9.81,1.48,1.0,27.36,42.75,medium,2023-01-11 02:37:00
69.34,17.65,96.35,23.68,1.24,2.0,25.59,46.73,low,2023-01-11 02:37:00
,,,,,,25.78,48.28,medium,2023-01-11 02:45:00
80.65,16.35,94.98,38.51,0.68,1.0,23.97,52.24,medium,2023-01-11 02:52:00
70.2,22.17,94.97,28.04,0.69,0.0,25.93,43.24,low,2023-01-11 03:22:00
97.98,13.95,96.38,30.34,1.03,2.0,20.92,36.06,medium,2023-01-11 03:22:00
88.58,15.65,98.06,50.85,0.7,2.0,23.36,55.43,low,2023-01-11 03:37:00
67.25,21.78,98.72,20.27,1.3,2.0,23.45,54.51,medium,2023-01-11 03:37:00
82.39,19.15,96.57,36.42,0.81,2.0,24.15,43.4,low,2023-01-11 03:52:00
,,,,,,21.05,60.23,medium,2023-01-11 03:55:00
,,,,,,23.05,41.45,low,2023-01-11 03:57:00
,,,,,,27.02,64.42,medium,2023-01-11 04:05:00
91.4,17.43,94.72,39.04,0.73,2.0,24.11,38.79,low,2023-01-11 04:52:00
74.96,17.58,97.46,24.75,1.41,1.0,23.82,51.31,medium,2023-01-11 04:52:00
,,,,,,27.03,57.73,medium,2023-01-11 04:57:00
,,,,,,21.09,68.66,medium,2023-01-11 05:12:00
,,,,,,24.75,66.51,low,2023-01-11 05:48:00
,,,,,,22.35,38.96,low,2023-01-11 06:28:00
,,,,,,23.78,61.12,low,2023-01-11 06:45:00
,,,,,,25.53,60.1,medium,2023-01-11 07:43:00
,,,,,,21.32,68.87,low,2023-01-11 08:39:00
,,,,,,22.46,60.11,low,2023-01-11 09:20:00
,,,,,,25.27,55.86,medium,2023-01-11 10:31:00
,,,,,,23.72,54.71,medium,2023-01-11 10:38:00
,,,,,,22.79,47.94,low,2023-01-11 11:13:00
,,,,,,24.15,37.17,medium,2023-01-11 11:28:00
,,,,,,24.55,58.27,medium,2023-01-11 11:58:00
,,,,,,25.54,42.2,medium,2023-01-11 12:47:00
,,,,,,24.64,48.98,medium,2023-01-11 12:51:00
,,,,,,24.08,39.98,medium,2023-01-11 13:01:00
,,,,,,27.36,41.77,low,2023-01-11 13:49:00
,,,,,,23.78,53.26,medium,2023-01-11 13:59:00
,,,,,,23.96,51.46,medium,2023-01-11 14:00:00
,,,,,,20.63,40.66,medium,2023-01-11 14:09:00
,,,,,,22.0,44.73,low,2023-01-11 15:02:00
,,,,,,24.97,30.51,low,2023-01-11 15:04:00
,,,,,,25.64,50.46,low,2023-01-11 16:38:00
,,,,,,23.91,70.43,low,2023-01-11 16:41:00
,,,,,,25.18,29.46,medium,2023-01-11 16:44:00
,,,,,,22.58,65.96,medium,2023-01-11 17:28:00
,,,,,,24.46,57.64,medium,2023-01-11 18:31:00
,,,,,,23.74,55.55,medium,2023-01-11 18:45:00
,,,,,,24.33,41.21,low,2023-01-11 18:49:00
,,,,,,24.17,65.95,medium,2023-01-11 19:11:00
,,,,,,21.96,23.45,medium,2023-01-11 20:11:00
,,,,,,22.08,58.31,medium,2023-01-11 20:58:00
97.66,17.44,95.99,19.06,0.82,0.0,26.84,46.19,medium,2023-01-11 21:37:00
,,,,,,21.22,45.18,medium,2023-01-11 21:37:00
70.16,17.15,97.96,19.75,1.17,2.0,21.77,43.69,low,2023-01-11 21:37:00
99.18,14.4,95.46,24.79,0.9,0.0,20.47,42.4,medium,2023-01-11 21:52:00
,,,,,,24.58,57.81,low,2023-01-11 22:27:00
94.01,11.8,97.04,9.22,0.9,2.0,22.8,51.69,medium,2023-01-11 22:37:00
,,,,,,23.78,53.26,medium,2023-01-11 22:40:00
,,,,,,22.39,48.51,medium,2023-01-11 22:49:00
90.62,14.96,97.34,42.02,0.96,0.0,25.48,62.8,low,2023-01-11 22:52:00
77.71,17.59,98.44,32.08,1.09,1.0,21.81,56.36,medium,2023-01-11 22:52:00
,,,,,,23.68,56.71,medium,2023-01-11 23:07:00
72.31,17.6,96.37,36.82,0.77,0.0,21.15,50.69,low,2023-01-11 23:07:00
83.48,15.85,96.09,45.75,1.01,1.0,22.03,51.99,medium,2023-01-11 23:22:00
,,,,,,23.78,61.12,low,2023-01-11 23:35:00
,,,,,,19.33,63.5,medium,2023-01-11 23:40:00
76.35,22.56,97.99,11.4,1.26,0.0,22.72,86.58,medium,2023-01-11 23:52:00
94.01,19.17,98.78,23.08,1.3,2.0,24.32,50.09,low,2023-01-11 23:52:00
72.89,18.76,96.33,43.21,0.67,0.0,25.81,48.66,low,2023-01-12 00:07:00
82.54,16.84,96.78,13.69,0.9,2.0,24.56,44.91,medium,2023-01-12 00:07:00
,,,,,,20.65,50.61,low,2023-01-12 00:12:00
,,,,,,23.56,38.89,low,2023-01-12 00:16:00
,,,,,,21.2,47.94,low,2023-01-12 00:52:00
75.11,15.15,96.7,31.83,0.62,1.0,20.77,53.0,medium,2023-01-12 00:52:00
65.32,21.73,97.02,41.94,1.47,1.0,23.21,42.79,medium,2023-01-12 01:22:00
,,,,,,25.87,45.67,low,2023-01-12 01:36:00
,,,,,,25.66,59.01,low,2023-01-12 01:37:00
75.73,13.24,97.0,41.83,0.71,0.0,27.2,46.37,low,2023-01-12 01:37:00
92.56,12.37,97.62,38.8,1.18,1.0,23.83,40.52,medium,2023-01-12 01:37:00
79.67,17.57,97.08,25.24,1.07,2.0,27.16,47.29,low,2023-01-12 01:52:00
92.0,17.54,93.91,14.14,0.8,0.0,25.63,55.95,medium,2023-01-12 01:52:00
80.87,17.66,97.22,22.38,1.06,2.0,24.04,53.67,low,2023-01-12 02:22:00
85.8,9.86,97.38,34.83,1.4,2.0,24.74,56.93,medium,2023-01-12 02:52:00
,,,,,,22.33,48.97,low,2023-01-12 02:52:00
,,,,,,21.17,62.13,medium,2023-01-12 03:03:00
83.64,18.66,98.85,19.68,1.18,1.0,22.82,41.37,medium,2023-01-12 03:07:00
84.1,22.98,94.55,39.68,0.97,0.0,23.42,51.62,low,2023-01-12 03:22:00
73.7,16.36,96.68,38.37,0.9,0.0,20.83,55.73,low,2023-01-12 03:37:00
83.93,17.33,94.2,37.95,1.32,1.0,23.88,61.28,medium,2023-01-12 03:37:00
,,,,,,22.13,36.15,medium,2023-01-12 03:42:00
,,,,,,25.11,49.73,medium,2023-01-12 03:52:00
80.34,17.08,97.95,23.02,1.5,0.0,20.18,34.88,medium,2023-01-12 03:52:00
95.03,15.78,97.21,5.77,1.13,1.0,25.22,30.25,medium,2023-01-12 04:07:00
88.97,18.12,98.12,19.78,0.73,2.0,24.59,37.8,low,2023-01-12 04:07:00
,,,,,,22.85,43.39,medium,2023-01-12 04:25:00
,,,,,,23.08,60.25,medium,2023-01-12 04:37:00
95.88,14.15,98.98,38.92,1.08,0.0,24.43,46.73,medium,2023-01-12 04:37:00
87.74,19.87,95.35,31.8,0.78,0.0,24.55,46.7,low,2023-01-12 04:37:00
,,,,,,22.26,35.68,medium,2023-01-12 04:40:00
77.34,12.91,96.27,23.76,1.03,2.0,24.53,49.6,low,2023-01-12 05:07:00
96.19,16.75,98.05,58.15,0.97,1.0,24.79,60.67,medium,2023-01-12 05:07:00
,,,,,,23.78,61.12,low,2023-01-12 05:15:00
,,,,,,26.99,49.63,medium,2023-01-12 05:32:00
,,,,,,24.16,66.0,medium,2023-01-12 05:45:00
,,,,,,24.37,40.45,high,2023-01-12 06:41:00
,,,,,,26.14,39.03,low,2023-01-12 07:11:00
,,,,,,23.99,40.3,medium,2023-01-12 07:16:00
,,,,,,25.0,49.07,medium,2023-01-12 07:59:00
,,,,,,21.99,51.51,high,2023-01-12 08:09:00
,,,,,,22.31,44.87,low,2023-01-12 08:44:00
,,,,,,24.32,50.09,low,2023-01-12 09:48:00
,,,,,,23.75,50.34,medium,2023-01-12 10:06:00
,,,,,,25.15,32.14,low,2023-01-12 10:50:00
,,,,,,22.41,51.49,low,2023-01-12 11:58:00
,,,,,,20.77,53.0,medium,2023-01-12 12:08:00
,,,,,,25.45,45.41,medium,2023-01-12 12:09:00
,,,,,,24.47,40.02,low,2023-01-12 12:44:00
,,,,,,23.8,45.18,low,2023-01-12 13:00:00
,,,,,,28.09,66.2,medium,2023-01-12 13:11:00
,,,,,,23.63,40.22,low,2023-01-12 13:50:00
,,,,,,25.05,63.31,high,2023-01-12 14:39:00
,,,,,,24.34,52.43,medium,2023-01-12 14:49:00
,,,,,,24.2,48.49,low,2023-01-12 15:23:00
,,,,,,22.46,60.11,low,2023-01-12 15:30:00
,,,,,,25.17,46.41,high,2023-01-12 15:41:00
,,,,,,21.77,66.06,medium,2023-01-12 16:01:00
,,,,,,22.22,63.78,medium,2023-01-12 16:34:00
,,,,,,26.09,40.96,medium,2023-01-12 16:49:00
,,,,,,24.35,36.63,medium,2023-01-12 17:38:00
,,,,,,23.42,51.62,low,2023-01-12 18:11:00
,,,,,,22.0,44.73,low,2023-01-12 18:27:00
,,,,,,23.62,47.45,low,2023-01-12 18:52:00
,,,,,,21.77,67.7,medium,2023-01-12 19:25:00
,,,,,,27.58,51.47,low,2023-01-12 19:35:00
,,,,,,23.74,29.65,medium,2023-01-12 19:41:00
,,,,,,23.63,55.72,medium,2023-01-12 20:00:00
,,,,,,24.1,63.66,low,2023-01-12 21:00:00
74.55,15.35,99.7,23.31,1.28,0.0,20.58,46.07,low,2023-01-12 21:00:00
,,,,,,24.49,42.89,medium,2023-01-12 21:13:00
107.41,21.73,98.06,39.79,1.19,0.0,24.9,49.52,medium,2023-01-12 21:15:00
,,,,,,22.57,31.95,high,2023-01-12 21:17:00
83.55,18.69,96.87,27.23,1.15,2.0,24.88,51.35,low,2023-01-12 21:30:00
79.48,20.64,96.98,28.41,1.38,2.0,23.57,52.7,medium,2023-01-12 21:30:00
78.54,20.98,98.64,12.91,1.22,2.0,26.8,56.72,medium,2023-01-12 21:45:00
107.05,22.42,96.02,30.6,0.91,1.0,24.26,29.83,medium,2023-01-12 22:00:00
,,,,,,22.44,45.76,medium,2023-01-12 22:14:00
86.23,16.55,94.33,7.7,1.07,1.0,22.88,77.76,medium,2023-01-12 22:15:00
,,,,,,25.51,56.33,medium,2023-01-12 22:55:00
,,,,,,22.33,44.36,medium,2023-01-12 23:03:00
,,,,,,26.39,35.24,high,2023-01-12 23:05:00
71.38,15.53,95.88,22.94,0.89,0.0,18.59,49.05,low,2023-01-12 23:15:00
,,,,,,21.15,53.94,medium,2023-01-12 23:21:00
95.51,20.09,95.8,19.4,0.78,1.0,23.94,42.3,medium,2023-01-12 23:30:00
78.2,14.85,98.35,42.08,1.03,0.0,23.63,40.22,low,2023-01-12 23:45:00
83.59,18.42,96.0,32.69,1.07,1.0,25.55,49.44,medium,2023-01-13 00:00:00
,,,,,,21.88,50.43,medium,2023-01-13 00:04:00
93.22,22.21,96.55,43.46,0.94,2.0,26.94,60.59,low,2023-01-13 00:15:00
,,,,,,23.24,65.98,medium,2023-01-13 00:25:00
,,,,,,23.72,46.55,medium,2023-01-13 00:29:00
73.34,20.57,94.4,48.89,1.21,0.0,22.38,51.88,low,2023-01-13 00:30:00
93.76,18.72,97.06,26.57,1.06,2.0,26.92,44.43,low,2023-01-13 00:45:00
84.35,15.75,97.46,49.21,0.96,2.0,25.37,60.7,low,2023-01-13 01:00:00
,,,,,,21.51,67.17,low,2023-01-13 01:13:00
85.48,15.8,93.97,18.05,1.37,2.0,23.53,50.64,medium,2023-01-13 01:15:00
80.53,19.84,95.0,19.1,1.19,1.0,26.09,40.96,medium,2023-01-13 01:30:00
65.62,14.43,97.4,35.2,0.98,0.0,27.21,49.37,low,2023-01-13 01:30:00
70.14,14.56,97.05,11.5,0.74,1.0,26.18,62.0,medium,2023-01-13 01:45:00
102.96,16.52,96.25,41.5,1.09,1.0,24.19,44.07,medium,2023-01-13 02:00:00
68.32,21.12,95.88,30.44,0.98,1.0,24.46,60.39,medium,2023-01-13 02:15:00
77.01,19.11,97.19,39.36,1.23,2.0,24.18,50.67,low,2023-01-13 02:15:00
,,,,,,25.78,57.42,low,2023-01-13 02:17:00
109.5,18.89,95.84,31.57,1.05,0.0,23.19,43.83,medium,2023-01-13 02:30:00
,,,,,,19.33,63.5,medium,2023-01-13 02:31:00
88.84,14.64,98.47,19.04,1.33,0.0,21.71,54.66,medium,2023-01-13 03:00:00
78.91,17.46,97.24,47.29,1.2,1.0,22.67,42.51,medium,2023-01-13 03:15:00
75.55,18.61,98.02,39.63,0.63,2.0,28.39,35.59,low,2023-01-13 03:30:00
,,,,,,25.4,48.68,low,2023-01-13 03:36:00
,,,,,,21.2,47.94,low,2023-01-13 03:48:00
70.11,22.38,96.73,46.57,1.33,1.0,26.16,59.43,medium,2023-01-13 04:00:00
71.38,13.18,95.53,38.36,0.91,1.0,24.16,46.1,medium,2023-01-13 04:15:00
64.59,18.0,96.84,37.0,1.16,0.0,27.36,41.77,low,2023-01-13 04:30:00
66.18,13.52,95.5,20.78,0.71,0.0,25.04,40.37,low,2023-01-13 04:45:00
,,,,,,25.51,56.33,medium,2023-01-13 04:52:00
95.57,18.0,97.59,20.42,0.82,0.0,23.08,60.25,medium,2023-01-13 05:00:00
,,,,,,23.73,50.15,medium,2023-01-13 05:11:00
,,,,,,24.27,60.98,low,2023-01-13 05:52:00
,,,,,,21.43,43.19,low,2023-01-13 05:56:00
,,,,,,27.75,67.28,medium,2023-01-13 06:14:00
,,,,,,28.68,38.98,low,2023-01-13 06:37:00
,,,,,,26.67,53.91,medium,2023-01-13 07:49:00
,,,,,,27.48,46.79,medium,2023-01-13 08:13:00
,,,,,,24.74,56.93,medium,2023-01-13 09:16:00
,,,,,,21.19,44.64,medium,2023-01-13 10:41:00
,,,,,,22.57,38.7,medium,2023-01-13 11:25:00
,,,,,,26.49,30.84,medium,2023-01-13 11:25:00
,,,,,,23.91,43.1,medium,2023-01-13 11:25:00
,,,,,,24.46,60.39,medium,2023-01-13 12:18:00
,,,,,,25.0,53.13,medium,2023-01-13 12:41:00
,,,,,,23.62,56.12,medium,2023-01-13 13:44:00
,,,,,,27.07,42.8,medium,2023-01-13 13:56:00
,,,,,,24.49,42.89,medium,2023-01-13 14:02:00
,,,,,,22.36,52.08,low,2023-01-13 15:45:00
,,,,,,24.94,50.23,low,2023-01-13 15:52:00
,,,,,,23.1,37.85,medium,2023-01-13 16:03:00
,,,,,,22.52,48.97,low,2023-01-13 16:52:00
,,,,,,25.91,55.13,medium,2023-01-13 17:44:00
,,,,,,25.23,63.58,medium,2023-01-13 18:49:00
,,,,,,27.48,67.85,low,2023-01-13 19:22:00
,,,,,,23.21,70.78,medium,2023-01-13 19:29:00
,,,,,,23.82,46.14,low,2023-01-13 19:58:00
,,,,,,23.15,45.0,low,2023-01-13 20:13:00
,,,,,,26.95,63.8,low,2023-01-13 20:39:00
,,,,,,25.55,37.73,medium,2023-01-13 21:11:00
78.19,18.39,96.11,32.54,0.84,0.0,23.69,46.47,low,2023-01-13 21:35:00
92.96,21.18,96.17,40.38,1.23,2.0,21.75,50.94,low,2023-01-13 21:50:00
98.46,17.44,98.09,33.51,1.1,0.0,23.46,52.98,medium,2023-01-13 21:50:00
108.06,16.03,98.71,18.49,0.89,0.0,25.0,53.13,medium,2023-01-13 22:20:00
90.7,20.12,98.77,34.08,0.59,0.0,23.05,49.65,low,2023-01-13 22:20:00
92.54,13.83,100.07,21.23,0.99,2.0,27.06,56.11,low,2023-01-13 22:35:00
99.78,12.99,99.64,28.75,0.67,0.0,21.42,55.65,medium,2023-01-13 22:35:00
,,,,,,25.59,60.35,low,2023-01-13 22:47:00
,,,,,,28.29,56.34,medium,2023-01-13 22:54:00
76.74,15.82,92.76,24.46,1.39,1.0,23.34,50.03,medium,2023-01-13 23:05:00
,,,,,,20.95,47.49,medium,2023-01-13 23:07:00
,,,,,,21.23,19.8,low,2023-01-13 23:07:00
88.34,20.34,96.21,33.95,1.16,0.0,21.43,43.19,low,2023-01-13 23:50:00
82.0,16.42,95.38,40.36,1.36,1.0,26.06,60.34,medium,2023-01-13 23:50:00
79.37,18.09,96.61,13.87,1.27,0.0,28.11,57.42,medium,2023-01-14 00:05:00
,,,,,,24.84,44.22,low,2023-01-14 00:07:00
76.56,15.69,94.98,38.54,0.79,0.0,22.38,56.11,low,2023-01-14 00:20:00
,,,,,,24.09,46.21,medium,2023-01-14 00:27:00
,,,,,,21.22,45.18,medium,2023-01-14 00:49:00
78.75,23.66,95.61,38.11,1.41,0.0,19.85,49.78,medium,2023-01-14 00:50:00
,,,,,,21.24,34.4,medium,2023-01-14 01:17:00
87.22,19.18,96.3,26.64,1.18,2.0,22.79,47.94,low,2023-01-14 01:20:00
,,,,,,24.43,45.67,medium,2023-01-14 01:30:00
110.23,17.81,96.47,40.42,0.75,2.0,25.88,46.1,medium,2023-01-14 01:35:00
,,,,,,23.22,43.35,low,2023-01-14 01:59:00
88.47,14.46,96.67,36.1,0.53,1.0,22.21,58.5,medium,2023-01-14 02:05:00
83.18,19.42,97.98,16.01,1.09,2.0,24.0,42.4,low,2023-01-14 02:05:00
,,,,,,25.43,29.5,low,2023-01-14 02:26:00
53.1,17.5,94.95,26.15,1.26,0.0,24.34,54.41,medium,2023-01-14 02:35:00
74.08,20.28,96.07,16.52,0.82,0.0,23.94,39.21,low,2023-01-14 02:35:00
76.28,17.46,99.21,20.12,0.72,0.0,24.94,50.23,low,2023-01-14 02:50:00
98.16,11.43,99.3,41.22,0.86,1.0,25.09,69.38,medium,2023-01-14 02:50:00
106.39,13.11,97.08,22.93,1.16,1.0,20.41,46.7,medium,2023-01-14 03:05:00
69.76,16.68,94.15,17.5,1.04,1.0,24.45,49.79,medium,2023-01-14 03:20:00
93.76,20.03,97.83,30.81,0.68,0.0,22.62,42.27,low,2023-01-14 03:35:00
,,,,,,21.25,44.27,low,2023-01-14 03:45:00
100.04,20.37,98.45,33.27,0.58,0.0,24.17,40.54,medium,2023-01-14 03:50:00
78.14,23.97,97.87,43.03,1.32,2.0,24.65,52.4,medium,2023-01-14 04:05:00
84.22,15.63,95.8,32.27,1.19,2.0,24.13,52.05,low,2023-01-14 04:20:00
93.79,14.18,98.57,34.88,0.78,1.0,23.72,66.82,medium,2023-01-14 04:20:00
112.67,14.36,97.68,46.11,1.29,0.0,24.46,59.01,medium,2023-01-14 04:35:00
,,,,,,24.51,32.76,medium,2023-01-14 04:36:00
76.24,19.25,96.21,10.64,0.41,0.0,25.33,49.37,medium,2023-01-14 05:05:00
93.71,18.11,97.18,30.33,1.29,0.0,23.09,52.45,low,2023-01-14 05:05:00
,,,,,,23.34,59.58,medium,2023-01-14 05:20:00
,,,,,,22.49,45.66,medium,2023-01-14 05:34:00
,,,,,,24.7,41.56,low,2023-01-14 05:38:00
,,,,,,24.33,55.69,medium,2023-01-14 06:26:00
,,,,,,26.63,48.82,low,2023-01-14 07:04:00
,,,,,,21.81,56.36,medium,2023-01-14 07:14:00
,,,,,,23.12,51.09,medium,2023-01-14 07:40:00
,,,,,,22.82,41.37,medium,2023-01-14 08:26:00
,,,,,,24.16,58.73,medium,2023-01-14 08:51:00
,,,,,,24.32,65.68,medium,2023-01-14 09:06:00
,,,,,,23.57,52.7,medium,2023-01-14 09:28:00
,,,,,,26.05,61.68,low,2023-01-14 10:07:00
,,,,,,24.81,40.88,low,2023-01-14 10:57:00
,,,,,,25.44,40.49,low,2023-01-14 11:09:00
,,,,,,23.11,51.94,low,2023-01-14 11:15:00
,,,,,,24.01,55.92,low,2023-01-14 11:38:00
,,,,,,22.44,38.58,low,2023-01-14 12:11:00
,,,,,,26.24,41.82,medium,2023-01-14 12:36:00
,,,,,,27.36,31.26,medium,2023-01-14 12:48:00
,,,,,,26.21,61.87,low,2023-01-14 13:19:00
,,,,,,22.11,46.28,low,2023-01-14 13:52:00
,,,,,,24.32,50.09,low,2023-01-14 14:07:00
,,,,,,21.45,55.59,low,2023-01-14 14:45:00
,,,,,,22.05,63.04,medium,2023-01-14 14:47:00
,,,,,,23.27,29.93,low,2023-01-14 15:09:00
,,,,,,26.71,37.83,medium,2023-01-14 16:34:00
,,,,,,25.59,49.94,low,2023-01-14 16:37:00
,,,,,,18.59,49.05,low,2023-01-14 16:48:00
,,,,,,23.93,60.34,low,2023-01-14 17:09:00
,,,,,,23.37,54.45,medium,2023-01-14 17:09:00
,,,,,,24.86,47.5,low,2023-01-14 18:25:00
,,,,,,23.01,55.69,low,2023-01-14 19:11:00
,,,,,,24.74,56.93,medium,2023-01-14 20:36:00
,,,,,,24.33,41.21,low,2023-01-14 21:02:00
,,,,,,24.17,32.78,low,2023-01-14 21:28:00
,,,,,,25.24,41.74,medium,2023-01-14 21:58:00
103.58,15.21,95.67,32.3,1.52,0.0,24.12,52.4,medium,2023-01-14 21:58:00
100.45,21.21,97.1,33.52,1.16,2.0,26.23,39.07,medium,2023-01-14 22:28:00
101.36,16.18,98.37,45.74,1.14,2.0,23.23,31.32,medium,2023-01-14 22:43:00
101.06,21.02,94.88,40.86,0.95,2.0,22.28,49.21,medium,2023-01-14 22:58:00
,,,,,,23.69,44.52,low,2023-01-14 22:59:00
,,,,,,20.6,45.37,low,2023-01-14 23:06:00
113.84,19.31,95.65,20.0,1.42,1.0,24.1,62.5,medium,2023-01-14 23:28:00
87.5,15.83,98.36,25.92,0.6,1.0,23.43,42.36,medium,2023-01-14 23:43:00
95.51,15.87,97.97,26.18,0.41,1.0,28.24,47.72,medium,2023-01-14 23:58:00
,,,,,,25.88,49.45,low,2023-01-15 00:08:00
81.7,21.75,98.48,18.77,0.95,1.0,24.35,40.35,medium,2023-01-15 00:13:00
,,,,,,23.25,40.84,low,2023-01-15 00:31:00
,,,,,,25.57,44.06,low,2023-01-15 00:47:00
81.01,21.13,97.69,28.12,0.62,1.0,20.81,39.22,medium,2023-01-15 00:58:00
,,,,,,22.41,64.29,low,2023-01-15 01:03:00
,,,,,,25.98,44.13,medium,2023-01-15 01:44:00
89.53,16.93,95.05,51.77,0.66,1.0,23.57,61.18,medium,2023-01-15 01:58:00
92.32,11.76,98.02,19.2,1.08,1.0,26.71,37.83,medium,2023-01-15 02:13:00
,,,,,,28.02,56.19,low,2023-01-15 02:22:00
85.49,19.79,97.79,28.83,0.59,1.0,25.93,56.11,medium,2023-01-15 02:43:00
,,,,,,20.18,57.7,medium,2023-01-15 02:44:00
77.0,15.37,95.71,48.58,1.35,2.0,26.92,51.8,medium,2023-01-15 02:58:00
,,,,,,27.46,61.16,medium,2023-01-15 03:07:00
79.92,17.79,98.28,31.46,0.81,1.0,28.45,66.38,medium,2023-01-15 03:28:00
,,,,,,22.73,63.68,low,2023-01-15 03:51:00
109.16,19.69,98.15,20.2,1.09,0.0,24.52,54.76,medium,2023-01-15 04:13:00
101.91,24.01,96.69,33.52,1.29,2.0,25.38,43.87,medium,2023-01-15 04:28:00
93.88,25.72,93.63,36.09,0.83,1.0,21.87,50.5,medium,2023-01-15 04:43:00
,,,,,,26.14,23.76,low,2023-01-15 04:54:00
,,,,,,22.21,58.5,medium,2023-01-15 04:55:00
47.42,22.37,97.75,36.57,0.7,1.0,23.91,51.37,medium,2023-01-15 04:58:00
,,,,,,22.62,67.0,medium,2023-01-15 05:57:00
,,,,,,24.16,49.55,low,2023-01-15 06:26:00
,,,,,,27.75,67.28,medium,2023-01-15 06:36:00
,,,,,,22.67,42.51,medium,2023-01-15 06:49:00
,,,,,,22.48,47.06,low,2023-01-15 07:40:00
,,,,,,24.86,29.12,medium,2023-01-15 07:44:00
,,,,,,24.31,49.58,low,2023-01-15 08:15:00
,,,,,,24.89,45.27,medium,2023-01-15 08:53:00
,,,,,,24.08,60.92,low,2023-01-15 09:26:00
,,,,,,21.24,34.4,medium,2023-01-15 09:54:00
,,,,,,22.76,42.72,low,2023-01-15 09:55:00
,,,,,,25.22,41.53,medium,2023-01-15 10:57:00
,,,,,,26.13,43.2,low,2023-01-15 11:14:00
,,,,,,27.21,49.37,low,2023-01-15 11:28:00
,,,,,,22.41,54.58,medium,2023-01-15 11:30:00
,,,,,,22.85,43.39,medium,2023-01-15 12:21:00
,,,,,,23.61,61.67,low,2023-01-15 12:35:00
,,,,,,24.31,49.58,low,2023-01-15 13:54:00
,,,,,,24.68,47.62,low,2023-01-15 14:08:00
,,,,,,26.42,45.07,low,2023-01-15 14:45:00
,,,,,,23.1,56.23,low,2023-01-15 14:57:00
,,,,,,22.42,41.28,medium,2023-01-15 15:18:00
,,,,,,25.81,50.19,low,2023-01-15 16:08:00
,,,,,,26.24,40.64,medium,2023-01-15 16:19:00
,,,,,,25.0,49.07,medium,2023-01-15 17:11:00
,,,,,,20.89,22.15,low,2023-01-15 17:41:00
,,,,,,22.52,56.29,medium,2023-01-15 18:03:00
,,,,,,25.33,49.37,medium,2023-01-15 19:20:00
,,,,,,23.13,52.32,low,2023-01-15 20:01:00
,,,,,,18.57,57.0,medium,2023-01-15 20:24:00
,,,,,,27.26,48.85,medium,2023-01-15 21:15:00
,,,,,,27.75,66.19,low,2023-01-15 21:42:00
,,,,,,22.62,47.39,low,2023-01-15 22:02:00
100.25,15.06,94.57,33.81,0.75,0.0,24.64,48.98,medium,2023-01-15 22:08:00
93.59,18.64,96.5,42.93,1.58,1.0,26.61,51.1,medium,2023-01-15 22:23:00
,,,,,,23.6,54.93,low,2023-01-15 22:27:00
104.58,19.23,96.61,32.21,1.28,2.0,21.07,54.71,medium,2023-01-15 22:53:00
,,,,,,25.11,49.73,medium,2023-01-15 22:55:00
,,,,,,24.72,55.61,medium,2023-01-15 23:03:00
94.57,12.38,97.97,19.01,1.38,0.0,24.32,58.79,medium,2023-01-15 23:08:00
,,,,,,23.93,42.39,medium,2023-01-15 23:16:00
58.5,17.31,97.2,29.47,0.96,1.0,24.09,46.21,medium,2023-01-15 23:23:00
,,,,,,22.82,41.37,medium,2023-01-15 23:47:00
76.34,16.47,95.03,22.75,1.34,1.0,26.29,68.34,medium,2023-01-15 23:53:00
96.6,17.9,100.06,27.24,0.84,2.0,21.22,45.18,medium,2023-01-16 00:23:00
,,,,,,26.0,44.82,low,2023-01-16 00:39:00
89.06,19.94,96.1,24.63,1.39,0.0,23.45,48.41,medium,2023-01-16 00:53:00
104.48,23.97,97.59,45.9,0.83,2.0,21.83,71.14,medium,2023-01-16 01:08:00
,,,,,,24.26,29.83,medium,2023-01-16 01:09:00
86.34,15.13,98.42,27.58,1.35,2.0,26.21,46.19,medium,2023-01-16 01:23:00
,,,,,,24.34,52.43,medium,2023-01-16 01:24:00
90.93,19.33,97.07,45.32,0.31,1.0,23.79,56.13,medium,2023-01-16 01:38:00
97.12,17.87,99.07,23.28,0.98,1.0,22.16,42.95,medium,2023-01-16 02:08:00
,,,,,,24.08,42.83,medium,2023-01-16 02:12:00
45.44,19.22,100.93,9.08,0.98,0.0,21.09,68.66,medium,2023-01-16 02:38:00
95.35,12.92,98.23,38.17,1.29,0.0,26.44,51.99,medium,2023-01-16 02:53:00
,,,,,,25.57,44.06,low,2023-01-16 02:58:00
,,,,,,25.86,34.27,medium,2023-01-16 03:00:00
96.86,21.12,95.83,21.04,0.66,1.0,27.21,26.96,medium,2023-01-16 03:08:00
,,,,,,25.95,27.98,medium,2023-01-16 03:34:00
,,,,,,24.33,41.21,low,2023-01-16 03:35:00
80.67,26.11,96.65,41.03,1.43,2.0,20.58,43.43,medium,2023-01-16 03:53:00
,,,,,,22.36,52.08,low,2023-01-16 04:14:00
,,,,,,28.09,66.2,medium,2023-01-16 04:23:00
99.01,18.01,94.5,32.09,1.14,1.0,27.92,62.57,medium,2023-01-16 04:38:00
97.99,16.93,98.86,41.67,0.75,0.0,23.1,37.85,medium,2023-01-16 04:53:00
,,,,,,23.33,44.59,low,2023-01-16 05:05:00
,,,,,,22.81,55.47,low,2023-01-16 05:11:00
,,,,,,28.22,57.85,medium,2023-01-16 05:32:00
,,,,,,24.46,59.01,medium,2023-01-16 06:25:00
,,,,,,25.94,49.87,low,2023-01-16 06:54:00
,,,,,,21.17,62.13,medium,2023-01-16 07:01:00
,,,,,,23.72,54.71,medium,2023-01-16 08:13:00
,,,,,,24.19,40.26,low,2023-01-16 08:22:00
,,,,,,27.58,51.47,low,2023-01-16 09:00:00
,,,,,,27.75,67.28,medium,2023-01-16 09:04:00
,,,,,,22.11,45.14,medium,2023-01-16 09:21:00
,,,,,,22.25,36.17,medium,2023-01-16 10:40:00
,,,,,,25.67,43.59,medium,2023-01-16 10:52:00
,,,,,,19.83,41.32,low,2023-01-16 10:58:00
,,,,,,20.89,46.96,low,2023-01-16 11:12:00
,,,,,,22.58,65.96,medium,2023-01-16 11:33:00
,,,,,,26.37,43.3,medium,2023-01-16 11:45:00
,,,,,,22.39,47.99,low,2023-01-16 12:22:00
,,,,,,21.07,54.71,medium,2023-01-16 12:29:00
,,,,,,25.86,53.95,medium,2023-01-16 12:30:00
,,,,,,24.47,40.61,medium,2023-01-16 13:00:00
,,,,,,24.72,53.38,low,2023-01-16 13:36:00
,,,,,,25.72,48.4,medium,2023-01-16 13:42:00
,,,,,,25.64,50.46,low,2023-01-16 14:06:00
,,,,,,23.68,56.71,medium,2023-01-16 15:06:00
,,,,,,24.25,59.24,medium,2023-01-16 15:59:00
,,,,,,24.1,63.66,low,2023-01-16 16:18:00
,,,,,,18.52,68.47,medium,2023-01-16 17:38:00
,,,,,,25.29,41.67,medium,2023-01-16 17:46:00
,,,,,,24.33,71.96,medium,2023-01-16 18:20:00
,,,,,,22.14,50.44,medium,2023-01-16 18:34:00
,,,,,,24.33,71.96,medium,2023-01-16 18:42:00
,,,,,,23.46,52.98,medium,2023-01-16 19:04:00
,,,,,,24.06,66.9,low,2023-01-16 19:05:00
,,,,,,22.62,47.39,low,2023-01-16 19:54:00
,,,,,,23.79,48.42,low,2023-01-16 20:29:00
,,,,,,24.14,52.15,medium,2023-01-16 20:36:00
,,,,,,28.3,43.52,low,2023-01-16 20:51:00
,,,,,,20.6,55.28,high,2023-01-16 21:05:00
,,,,,,25.01,67.59,medium,2023-01-16 21:08:00
77.79,21.73,96.23,22.69,1.26,1.0,24.28,49.55,medium,2023-01-16 21:17:00
101.68,13.96,95.49,26.69,1.42,2.0,25.55,37.73,medium,2023-01-16 22:32:00
,,,,,,23.23,27.95,low,2023-01-16 22:46:00
,,,,,,21.15,53.94,medium,2023-01-16 22:56:00
95.56,13.7,97.5,21.86,0.89,0.0,25.01,67.59,medium,2023-01-16 23:02:00
,,,,,,23.78,61.12,low,2023-01-16 23:05:00
,,,,,,25.41,57.81,medium,2023-01-17 00:02:00
93.73,20.54,96.81,39.55,0.26,1.0,25.78,48.28,medium,2023-01-17 00:17:00
93.39,22.35,96.53,27.59,1.44,1.0,22.24,53.88,medium,2023-01-17 00:32:00
89.5,11.8,96.68,21.35,1.33,2.0,24.23,37.14,medium,2023-01-17 01:17:00
,,,,,,27.95,52.05,low,2023-01-17 01:18:00
,,,,,,23.28,65.33,low,2023-01-17 01:20:00
83.84,18.92,96.17,23.84,1.09,1.0,23.58,41.3,medium,2023-01-17 01:32:00
108.17,22.39,96.81,25.97,0.77,0.0,24.09,55.33,medium,2023-01-17 01:47:00
91.08,19.87,94.86,11.92,1.35,0.0,23.72,54.57,medium,2023-01-17 02:17:00
,,,,,,26.33,46.71,medium,2023-01-17 02:51:00
99.82,19.49,95.35,38.56,0.88,1.0,25.26,48.51,medium,2023-01-17 03:02:00
93.09,16.35,96.0,22.54,1.12,1.0,22.64,59.08,medium,2023-01-17 03:17:00
88.27,16.08,97.24,25.87,0.9,1.0,26.22,33.86,medium,2023-01-17 03:32:00
,,,,,,23.83,43.06,low,2023-01-17 03:33:00
82.68,17.63,95.4,12.34,1.14,2.0,26.45,39.6,medium,2023-01-17 03:47:00
100.61,21.03,98.03,37.97,0.77,0.0,25.29,51.54,medium,2023-01-17 04:02:00
,,,,,,22.4,47.3,low,2023-01-17 04:15:00
100.09,19.01,95.1,34.39,1.51,0.0,23.93,42.39,medium,2023-01-17 04:17:00
,,,,,,24.16,66.0,medium,2023-01-17 04:22:00
98.18,19.07,97.1,39.07,1.02,1.0,23.49,36.63,medium,2023-01-17 04:32:00
,,,,,,19.65,57.22,medium,2023-01-17 04:42:00
67.89,16.58,98.79,26.56,1.04,1.0,20.91,51.51,medium,2023-01-17 05:17:00
77.18,16.91,98.45,43.57,1.15,1.0,23.72,46.55,medium,2023-01-17 05:32:00
,,,,,,24.15,43.4,low,2023-01-17 05:35:00
,,,,,,25.91,55.13,medium,2023-01-17 05:54:00
,,,,,,24.64,48.98,medium,2023-01-17 06:16:00
,,,,,,24.08,60.92,low,2023-01-17 06:58:00
,,,,,,24.32,58.79,medium,2023-01-17 07:47:00
,,,,,,26.06,57.97,medium,2023-01-17 07:52:00
,,,,,,24.56,44.91,medium,2023-01-17 08:45:00
,,,,,,29.29,34.97,medium,2023-01-17 09:15:00
,,,,,,20.83,55.73,low,2023-01-17 10:46:00
,,,,,,26.25,46.57,low,2023-01-17 11:44:00
,,,,,,25.02,57.42,low,2023-01-17 12:01:00
,,,,,,25.66,50.67,medium,2023-01-17 13:54:00
,,,,,,25.81,48.66,low,2023-01-17 14:52:00
,,,,,,24.27,60.98,low,2023-01-17 15:20:00
,,,,,,21.24,58.96,medium,2023-01-17 15:24:00
,,,,,,27.02,64.42,medium,2023-01-17 16:27:00
,,,,,,23.58,47.61,low,2023-01-17 16:59:00
,,,,,,23.72,54.57,medium,2023-01-17 17:29:00
,,,,,,23.42,51.62,low,2023-01-17 17:36:00
,,,,,,25.3,38.62,medium,2023-01-17 17:45:00
,,,,,,25.59,37.46,high,2023-01-17 18:35:00
,,,,,,23.23,27.95,low,2023-01-17 18:55:00
,,,,,,24.94,50.23,low,2023-01-17 19:10:00
,,,,,,25.91,55.13,medium,2023-01-17 20:00:00
,,,,,,21.37,32.27,medium,2023-01-17 20:06:00
,,,,,,24.39,40.01,medium,2023-01-17 20:23:00
,,,,,,24.47,63.49,medium,2023-01-17 21:45:00
,,,,,,23.31,37.33,low,2023-01-17 21:52:00
76.62,16.56,95.68,26.41,1.09,1.0,24.16,66.0,medium,2023-01-17 22:00:00
,,,,,,24.92,54.74,medium,2023-01-17 22:04:00
106.58,19.66,95.6,41.06,1.06,1.0,22.38,40.58,medium,2023-01-17 22:15:00
,,,,,,24.04,53.67,low,2023-01-17 22:29:00
93.75,14.1,96.68,39.93,0.93,1.0,23.26,62.02,medium,2023-01-17 22:45:00
,,,,,,23.46,45.36,medium,2023-01-17 22:53:00
79.41,17.74,101.47,28.89,1.53,2.0,25.0,49.07,medium,2023-01-17 23:00:00
88.05,15.89,94.42,14.21,0.86,2.0,24.39,40.01,medium,2023-01-17 23:15:00
89.63,14.47,98.39,12.3,0.83,0.0,23.48,55.39,medium,2023-01-17 23:45:00
,,,,,,23.7,55.88,low,2023-01-17 23:51:00
105.32,18.09,95.85,30.06,1.26,1.0,25.24,41.74,medium,2023-01-18 00:00:00
,,,,,,27.06,56.11,low,2023-01-18 00:11:00
,,,,,,27.72,41.03,low,2023-01-18 00:21:00
74.11,21.5,97.56,13.6,0.84,0.0,23.6,79.82,medium,2023-01-18 00:45:00
,,,,,,22.13,36.15,medium,2023-01-18 00:55:00
,,,,,,25.03,42.67,medium,2023-01-18 01:00:00
97.98,17.01,97.37,32.9,0.97,0.0,25.04,39.2,medium,2023-01-18 01:00:00
,,,,,,26.81,56.82,medium,2023-01-18 01:09:00
88.27,20.38,97.56,32.08,1.07,1.0,24.76,54.66,medium,2023-01-18 01:15:00
74.94,21.12,97.8,12.95,1.29,2.0,21.24,34.4,medium,2023-01-18 01:30:00
96.96,21.38,95.31,21.76,1.36,2.0,23.71,64.56,medium,2023-01-18 02:00:00
107.16,23.8,97.39,29.88,1.31,0.0,26.31,60.52,medium,2023-01-18 02:15:00
,,,,,,26.92,51.8,medium,2023-01-18 02:27:00
81.37,16.11,97.63,31.01,1.08,1.0,24.96,52.41,medium,2023-01-18 02:30:00
,,,,,,26.57,43.9,medium,2023-01-18 02:32:00
,,,,,,21.54,55.05,medium,2023-01-18 02:36:00
,,,,,,25.72,39.6,medium,2023-01-18 03:38:00
90.51,17.37,94.47,46.17,1.36,1.0,25.37,54.42,medium,2023-01-18 04:00:00
67.8,15.49,93.84,15.76,1.05,1.0,23.65,60.02,medium,2023-01-18 04:15:00
,,,,,,21.94,50.92,medium,2023-01-18 04:33:00
95.9,19.34,97.0,29.88,1.07,2.0,24.81,37.58,medium,2023-01-18 04:45:00
113.92,14.64,93.5,42.49,0.56,1.0,22.42,41.28,medium,2023-01-18 05:30:00
,,,,,,21.27,41.78,high,2023-01-18 05:43:00
,,,,,,23.36,54.24,medium,2023-01-18 05:51:00
,,,,,,23.8,29.07,medium,2023-01-18 06:42:00
,,,,,,24.17,65.95,medium,2023-01-18 07:02:00
,,,,,,23.33,44.59,low,2023-01-18 07:23:00
,,,,,,21.35,54.24,medium,2023-01-18 07:25:00
,,,,,,23.53,76.38,medium,2023-01-18 08:32:00
,,,,,,23.92,64.78,medium,2023-01-18 09:22:00
,,,,,,24.27,60.98,low,2023-01-18 10:29:00
,,,,,,24.63,60.03,low,2023-01-18 11:02:00
,,,,,,25.14,41.39,low,2023-01-18 11:50:00
,,,,,,26.91,67.99,medium,2023-01-18 12:22:00
,,,,,,25.26,52.9,medium,2023-01-18 12:38:00
,,,,,,23.12,51.31,medium,2023-01-18 13:00:00
,,,,,,20.0,50.34,low,2023-01-18 13:09:00
,,,,,,25.66,59.01,low,2023-01-18 13:46:00
,,,,,,25.3,38.62,medium,2023-01-18 14:12:00
,,,,,,22.76,42.72,low,2023-01-18 14:36:00
,,,,,,23.74,32.67,low,2023-01-18 14:51:00
,,,,,,23.52,50.79,medium,2023-01-18 15:33:00
,,,,,,25.9,48.99,medium,2023-01-18 16:22:00
,,,,,,26.92,44.43,low,2023-01-18 17:08:00
,,,,,,25.53,60.1,medium,2023-01-18 17:49:00
,,,,,,23.56,38.89,low,2023-01-18 18:12:00
,,,,,,24.25,59.24,medium,2023-01-18 18:25:00
,,,,,,23.78,46.22,low,2023-01-18 19:12:00
,,,,,,22.79,49.24,low,2023-01-18 19:55:00
,,,,,,24.14,50.89,medium,2023-01-18 20:18:00
,,,,,,24.35,36.63,medium,2023-01-18 21:22:00
,,,,,,23.99,40.3,medium,2023-01-18 21:39:00
,,,,,,25.17,46.01,high,2023-01-18 21:51:00
109.46,16.4,97.87,43.35,0.52,1.0,25.51,56.33,medium,2023-01-18 22:00:00
,,,,,,22.64,45.29,medium,2023-01-18 22:09:00
91.33,18.3,93.28,13.48,0.93,0.0,23.62,56.12,medium,2023-01-18 22:15:00
80.03,19.38,94.72,37.98,0.83,1.0,20.18,57.7,medium,2023-01-18 22:30:00
77.84,13.64,98.49,28.12,1.19,1.0,27.24,51.4,medium,2023-01-18 22:45:00
,,,,,,22.49,60.69,medium,2023-01-18 22:49:00
,,,,,,25.35,63.98,medium,2023-01-18 22:57:00
80.39,17.38,99.41,9.19,1.36,2.0,22.13,36.15,medium,2023-01-18 23:00:00
,,,,,,22.41,51.49,low,2023-01-18 23:11:00
76.87,16.99,95.59,16.33,1.04,1.0,24.53,54.11,medium,2023-01-18 23:15:00
93.25,16.69,95.74,25.22,0.99,1.0,18.57,57.0,medium,2023-01-18 23:30:00
,,,,,,26.02,51.78,low,2023-01-18 23:31:00
79.79,19.99,95.53,30.36,1.29,1.0,24.93,56.87,medium,2023-01-18 23:45:00
85.78,20.44,95.73,12.56,1.05,1.0,26.67,53.91,medium,2023-01-19 00:00:00
86.02,12.69,95.37,13.76,0.5,1.0,22.8,55.44,medium,2023-01-19 00:30:00
,,,,,,20.25,41.6,medium,2023-01-19 00:36:00
,,,,,,22.26,72.33,medium,2023-01-19 01:38:00
,,,,,,23.26,62.02,medium,2023-01-19 02:02:00
93.89,15.37,97.99,26.15,0.38,1.0,23.24,65.98,medium,2023-01-19 02:30:00
,,,,,,23.85,47.95,medium,2023-01-19 02:46:00
80.35,12.2,96.78,6.33,1.11,1.0,22.19,46.82,medium,2023-01-19 03:00:00
89.42,13.32,97.03,25.83,1.4,1.0,20.25,41.6,medium,2023-01-19 03:15:00
,,,,,,22.69,48.79,low,2023-01-19 03:21:00
74.68,20.59,96.85,30.85,1.41,1.0,26.75,53.6,medium,2023-01-19 03:30:00
99.24,15.11,96.38,22.76,1.09,0.0,23.28,32.6,medium,2023-01-19 03:45:00
94.02,22.22,97.52,34.06,0.96,1.0,23.11,52.19,medium,2023-01-19 04:00:00
98.42,13.89,97.49,40.57,0.87,2.0,25.35,63.98,medium,2023-01-19 04:15:00
,,,,,,23.23,27.95,low,2023-01-19 04:19:00
100.01,18.44,99.1,26.93,0.61,2.0,24.47,40.61,medium,2023-01-19 05:00:00
,,,,,,24.53,49.6,low,2023-01-19 05:10:00
,,,,,,25.35,63.98,medium,2023-01-19 06:13:00
,,,,,,25.48,57.06,medium,2023-01-19 06:19:00
,,,,,,24.1,62.5,medium,2023-01-19 06:45:00
,,,,,,25.53,60.1,medium,2023-01-19 07:16:00
,,,,,,26.2,41.19,medium,2023-01-19 07:29:00
,,,,,,25.52,47.08,low,2023-01-19 08:06:00
,,,,,,27.17,73.08,medium,2023-01-19 08:43:00
,,,,,,21.58,44.15,medium,2023-01-19 09:06:00
,,,,,,25.22,30.25,medium,2023-01-19 10:20:00
,,,,,,25.53,60.1,medium,2023-01-19 10:51:00
,,,,,,22.26,35.68,medium,2023-01-19 11:41:00
,,,,,,27.02,64.42,medium,2023-01-19 11:46:00
,,,,,,23.43,42.36,medium,2023-01-19 11:59:00
,,,,,,22.38,56.11,low,2023-01-19 12:17:00
,,,,,,21.56,38.4,medium,2023-01-19 12:53:00
,,,,,,27.03,57.73,medium,2023-01-19 12:54:00
,,,,,,22.48,47.06,low,2023-01-19 13:38:00
,,,,,,25.3,49.01,medium,2023-01-19 14:00:00
,,,,,,23.64,44.57,low,2023-01-19 14:07:00
,,,,,,24.12,52.4,medium,2023-01-19 14:41:00
,,,,,,23.26,62.02,medium,2023-01-19 15:35:00
,,,,,,25.86,34.27,medium,2023-01-19 16:16:00
,,,,,,23.53,41.06,low,2023-01-19 17:10:00
,,,,,,21.58,44.15,medium,2023-01-19 18:04:00
,,,,,,22.19,46.82,medium,2023-01-19 18:06:00
,,,,,,22.31,44.87,low,2023-01-19 19:52:00
,,,,,,23.88,61.28,medium,2023-01-19 19:59:00
,,,,,,25.67,43.59,medium,2023-01-19 20:42:00
,,,,,,26.06,60.34,medium,2023-01-19 20:50:00
81.25,15.61,96.63,33.14,0.91,1.0,24.63,52.12,medium,2023-01-19 21:02:00
,,,,,,27.97,50.12,medium,2023-01-19 21:49:00
,,,,,,24.09,55.33,medium,2023-01-19 22:19:00
,,,,,,23.53,29.89,low,2023-01-19 22:35:00
,,,,,,26.6,75.98,low,2023-01-19 22:49:00
86.09,19.03,96.72,43.55,0.63,1.0,21.89,39.5,medium,2023-01-19 23:02:00
97.22,13.8,96.01,39.42,1.08,0.0,25.86,53.95,medium,2023-01-19 23:17:00
,,,,,,23.05,51.86,medium,2023-01-19 23:47:00
57.67,17.63,96.44,34.92,0.68,0.0,21.27,53.94,medium,2023-01-19 23:47:00
,,,,,,21.8,50.39,medium,2023-01-20 00:02:00
,,,,,,21.77,66.06,medium,2023-01-20 00:43:00
,,,,,,23.12,51.09,medium,2023-01-20 00:51:00
,,,,,,23.44,54.62,low,2023-01-20 01:05:00
,,,,,,23.25,46.5,medium,2023-01-20 01:27:00
,,,,,,24.92,61.72,medium,2023-01-20 01:28:00
101.83,15.52,97.5,17.94,0.69,0.0,26.6,49.26,medium,2023-01-20 01:32:00
96.7,19.56,97.33,24.19,0.41,1.0,20.16,27.54,medium,2023-01-20 01:47:00
,,,,,,20.74,46.54,medium,2023-01-20 02:01:00
,,,,,,20.47,35.49,low,2023-01-20 02:32:00
86.84,16.36,97.33,39.78,0.97,1.0,26.03,45.97,medium,2023-01-20 02:47:00
,,,,,,20.26,45.46,medium,2023-01-20 02:58:00
,,,,,,23.36,54.24,medium,2023-01-20 03:02:00
,,,,,,28.12,67.55,medium,2023-01-20 03:14:00
75.75,22.3,95.66,-0.31,1.15,0.0,20.47,47.15,medium,2023-01-20 03:17:00
,,,,,,20.51,47.52,medium,2023-01-20 03:38:00
,,,,,,25.93,43.24,low,2023-01-20 04:29:00
108.61,17.11,98.81,23.8,0.74,2.0,25.09,55.33,medium,2023-01-20 04:32:00
,,,,,,20.54,64.95,medium,2023-01-20 04:44:00
,,,,,,21.94,50.92,medium,2023-01-20 04:44:00
87.34,23.76,96.47,27.75,1.09,1.0,27.46,61.16,medium,2023-01-20 04:47:00
87.67,20.39,99.24,35.49,1.31,1.0,25.27,50.69,medium,2023-01-20 05:02:00
,,,,,,24.97,30.51,low,2023-01-20 05:14:00
,,,,,,19.81,51.2,medium,2023-01-20 05:34:00
,,,,,,19.79,37.35,low,2023-01-20 06:25:00
,,,,,,22.44,38.58,low,2023-01-20 06:34:00
,,,,,,22.08,58.31,medium,2023-01-20 06:40:00
,,,,,,21.15,47.33,medium,2023-01-20 07:29:00
,,,,,,24.59,52.49,low,2023-01-20 07:41:00
,,,,,,26.41,61.42,medium,2023-01-20 07:54:00
,,,,,,24.84,44.22,low,2023-01-20 08:08:00
,,,,,,24.33,41.21,low,2023-01-20 08:26:00
,,,,,,24.97,30.51,low,2023-01-20 09:37:00
,,,,,,25.59,49.94,low,2023-01-20 10:15:00
,,,,,,25.93,56.11,medium,2023-01-20 10:21:00
,,,,,,23.32,39.87,medium,2023-01-20 10:38:00
,,,,,,27.5,49.56,low,2023-01-20 11:05:00
,,,,,,21.2,47.94,low,2023-01-20 12:31:00
,,,,,,24.33,41.21,low,2023-01-20 12:45:00
,,,,,,22.49,33.87,medium,2023-01-20 12:49:00
,,,,,,23.12,51.31,medium,2023-01-20 13:25:00
,,,,,,24.94,53.26,low,2023-01-20 13:31:00
,,,,,,22.13,61.68,medium,2023-01-20 14:44:00
,,,,,,23.64,44.57,low,2023-01-20 14:44:00
,,,,,,22.87,45.29,low,2023-01-20 14:46:00
,,,,,,25.98,44.13,medium,2023-01-20 15:10:00
,,,,,,21.87,50.5,medium,2023-01-20 15:14:00
,,,,,,25.24,41.74,medium,2023-01-20 15:39:00
,,,,,,28.3,43.52,low,2023-01-20 16:26:00
,,,,,,27.21,65.62,medium,2023-01-20 16:31:00
,,,,,,24.51,32.76,medium,2023-01-20 17:10:00
,,,,,,24.28,49.55,medium,2023-01-20 17:31:00
,,,,,,25.38,62.14,high,2023-01-20 18:06:00
,,,,,,26.41,61.42,medium,2023-01-20 18:23:00
,,,,,,20.5,37.43,medium,2023-01-20 18:50:00
,,,,,,22.44,45.76,medium,2023-01-20 19:21:00
,,,,,,24.51,58.2,medium,2023-01-20 19:26:00
,,,,,,22.51,38.06,medium,2023-01-20 20:33:00
,,,,,,23.93,42.39,medium,2023-01-20 20:45:00
,,,,,,24.16,46.1,medium,2023-01-20 20:52:00
,,,,,,20.53,59.94,low,2023-01-20 21:18:00
,,,,,,20.26,45.46,medium,2023-01-20 21:44:00
,,,,,,25.43,53.31,low,2023-01-20 22:19:00
,,,,,,24.11,44.44,medium,2023-01-20 22:53:00
,,,,,,24.5,45.67,medium,2023-01-20 23:37:00
,,,,,,26.31,60.52,medium,2023-01-21 00:19:00
,,,,,,23.98,30.11,low,2023-01-21 00:39:00
,,,,,,25.1,44.19,low,2023-01-21 01:04:00
,,,,,,20.6,64.57,medium,2023-01-21 01:17:00
,,,,,,29.01,24.27,medium,2023-01-21 02:38:00
,,,,,,22.66,23.9,medium,2023-01-21 02:47:00
,,,,,,23.72,66.82,medium,2023-01-21 03:35:00
,,,,,,20.0,50.34,low,2023-01-21 04:39:00
,,,,,,23.77,67.81,low,2023-01-21 05:17:00
,,,,,,27.28,43.44,medium,2023-01-21 05:35:00
,,,,,,22.76,54.78,low,2023-01-21 06:04:00
,,,,,,24.02,43.71,low,2023-01-21 06:08:00
,,,,,,24.68,47.62,low,2023-01-21 06:32:00
,,,,,,27.35,37.89,low,2023-01-21 07:59:00
,,,,,,24.01,55.92,low,2023-01-21 08:14:00
,,,,,,23.15,61.0,medium,2023-01-21 09:34:00
,,,,,,25.51,55.85,low,2023-01-21 09:50:00
,,,,,,22.41,64.29,low,2023-01-21 10:15:00
,,,,,,23.48,31.61,medium,2023-01-21 11:22:00
,,,,,,22.26,33.88,low,2023-01-21 12:38:00
,,,,,,19.79,37.35,low,2023-01-21 12:52:00
,,,,,,25.27,44.51,low,2023-01-21 13:57:00
,,,,,,25.67,62.0,medium,2023-01-21 14:21:00
,,,,,,25.88,46.1,medium,2023-01-21 15:01:00
,,,,,,24.6,35.41,medium,2023-01-21 15:19:00
,,,,,,23.06,47.72,low,2023-01-21 16:01:00
,,,,,,28.45,66.38,medium,2023-01-21 16:10:00
,,,,,,21.88,58.51,low,2023-01-21 16:14:00
,,,,,,22.41,64.29,low,2023-01-21 17:11:00
,,,,,,23.24,52.68,medium,2023-01-21 18:50:00
,,,,,,23.34,51.55,medium,2023-01-21 19:18:00
,,,,,,26.5,57.4,medium,2023-01-21 20:29:00
,,,,,,22.87,54.49,low,2023-01-21 21:02:00
,,,,,,21.8,64.21,low,2023-01-21 21:26:00
,,,,,,24.16,46.1,medium,2023-01-21 21:33:00
,,,,,,23.08,37.63,low,2023-01-21 22:03:00
,,,,,,23.58,47.61,low,2023-01-21 22:08:00
,,,,,,22.76,42.72,low,2023-01-21 23:25:00
,,,,,,24.47,33.1,low,2023-01-21 23:27:00
,,,,,,26.02,51.78,low,2023-01-22 00:16:00
,,,,,,25.17,46.01,high,2023-01-22 00:47:00
,,,,,,25.62,43.13,medium,2023-01-22 01:30:00
,,,,,,25.1,44.19,low,2023-01-22 02:05:00
,,,,,,21.25,44.27,low,2023-01-22 02:34:00
,,,,,,26.05,61.68,low,2023-01-22 03:11:00
,,,,,,25.94,49.87,low,2023-01-22 03:12:00
,,,,,,26.22,33.86,medium,2023-01-22 03:12:00
,,,,,,22.77,58.19,medium,2023-01-22 04:42:00
,,,,,,25.59,45.37,low,2023-01-22 05:04:00
,,,,,,22.34,48.91,low,2023-01-22 05:05:00
,,,,,,24.16,63.97,low,2023-01-22 05:05:00
,,,,,,26.13,43.2,low,2023-01-22 06:24:00
,,,,,,23.69,46.47,low,2023-01-22 07:01:00
,,,,,,20.89,22.15,low,2023-01-22 07:29:00
,,,,,,23.46,45.36,medium,2023-01-22 08:10:00
,,,,,,21.7,51.09,low,2023-01-22 09:26:00
,,,,,,21.81,56.36,medium,2023-01-22 10:32:00
,,,,,,25.52,43.88,medium,2023-01-22 10:42:00
,,,,,,25.31,75.73,medium,2023-01-22 10:51:00
,,,,,,24.5,45.67,medium,2023-01-22 11:27:00
,,,,,,25.78,48.28,medium,2023-01-22 12:14:00
,,,,,,24.04,47.06,medium,2023-01-22 12:14:00
,,,,,,24.08,60.92,low,2023-01-22 12:33:00
,,,,,,23.92,56.82,low,2023-01-22 13:03:00
,,,,,,21.8,50.39,medium,2023-01-22 14:01:00
,,,,,,24.26,29.83,medium,2023-01-22 14:04:00
,,,,,,22.25,41.94,medium,2023-01-22 15:08:00
,,,,,,23.88,61.28,medium,2023-01-22 16:00:00
,,,,,,26.0,44.82,low,2023-01-22 16:50:00
,,,,,,28.09,66.2,medium,2023-01-22 17:55:00
,,,,,,24.26,29.83,medium,2023-01-22 18:00:00
,,,,,,25.02,57.42,low,2023-01-22 18:33:00
,,,,,,21.24,58.96,medium,2023-01-22 18:49:00
,,,,,,24.19,44.07,medium,2023-01-22 19:16:00
,,,,,,23.52,50.79,medium,2023-01-22 19:19:00
,,,,,,24.14,59.84,low,2023-01-22 19:41:00
,,,,,,22.79,49.24,low,2023-01-22 20:51:00
,,,,,,22.6,39.83,medium,2023-01-22 21:40:00
,,,,,,24.09,55.58,low,2023-01-22 22:25:00
,,,,,,22.93,50.79,low,2023-01-22 22:35:00
,,,,,,27.08,43.85,low,2023-01-22 22:39:00
,,,,,,25.85,46.43,medium,2023-01-22 23:09:00
,,,,,,29.26,26.28,medium,2023-01-22 23:26:00
,,,,,,24.92,61.72,medium,2023-01-23 00:00:00
,,,,,,26.97,32.81,low,2023-01-23 00:15:00
,,,,,,22.95,49.86,low,2023-01-23 00:58:00
,,,,,,24.25,59.24,medium,2023-01-23 01:38:00
,,,,,,24.1,63.66,low,2023-01-23 01:42:00
,,,,,,27.13,42.98,low,2023-01-23 02:12:00
,,,,,,26.12,62.51,high,2023-01-23 02:24:00
,,,,,,22.33,48.97,low,2023-01-23 03:46:00
,,,,,,27.06,56.11,low,2023-01-23 04:19:00
,,,,,,21.7,51.09,low,2023-01-23 04:31:00
,,,,,,19.83,41.32,low,2023-01-23 05:14:00
,,,,,,22.54,39.77,medium,2023-01-23 06:05:00
,,,,,,25.33,54.07,medium,2023-01-23 06:38:00
,,,,,,22.49,45.66,medium,2023-01-23 07:37:00
,,,,,,22.24,59.62,low,2023-01-23 07:57:00
,,,,,,25.27,55.86,medium,2023-01-23 08:36:00
,,,,,,26.14,23.76,low,2023-01-23 09:19:00
,,,,,,24.15,37.17,medium,2023-01-23 09:38:00
,,,,,,20.0,50.34,low,2023-01-23 10:14:00
,,,,,,24.99,52.65,low,2023-01-23 10:15:00
,,,,,,23.67,55.72,low,2023-01-23 10:43:00
,,,,,,21.25,44.27,low,2023-01-23 11:36:00
,,,,,,24.63,60.03,low,2023-01-23 12:28:00
,,,,,,26.18,48.89,medium,2023-01-23 13:48:00
,,,,,,23.15,52.93,medium,2023-01-23 14:07:00
,,,,,,21.82,58.9,medium,2023-01-23 15:52:00
,,,,,,26.11,42.77,low,2023-01-23 16:13:00
,,,,,,25.05,63.31,high,2023-01-23 16:22:00
,,,,,,24.59,37.8,low,2023-01-23 16:58:00
,,,,,,25.18,29.46,medium,2023-01-23 17:50:00
,,,,,,25.01,67.59,medium,2023-01-23 18:57:00
,,,,,,22.42,41.28,medium,2023-01-23 19:40:00
,,,,,,27.02,64.42,medium,2023-01-23 19:44:00
,,,,,,22.3,54.75,medium,2023-01-23 19:45:00
,,,,,,22.11,46.28,low,2023-01-23 20:40:00
,,,,,,25.98,53.1,low,2023-01-23 20:56:00
,,,,,,23.96,51.46,medium,2023-01-23 21:14:00
,,,,,,24.4,66.32,medium,2023-01-23 21:29:00
,,,,,,25.3,38.62,medium,2023-01-23 22:18:00
,,,,,,19.65,57.22,medium,2023-01-23 23:48:00
,,,,,,23.0,55.55,low,2023-01-23 23:52:00
,,,,,,25.59,60.35,low,2023-01-24 00:10:00
,,,,,,25.82,44.5,high,2023-01-24 00:25:00
,,,,,,25.59,60.35,low,2023-01-24 00:39:00
,,,,,,25.93,43.24,low,2023-01-24 01:16:00
,,,,,,24.38,41.66,low,2023-01-24 01:59:00
,,,,,,26.5,54.2,medium,2023-01-24 02:27:00
,,,,,,22.67,42.51,medium,2023-01-24 02:45:00
,,,,,,23.48,31.61,medium,2023-01-24 03:36:00
,,,,,,26.0,40.39,medium,2023-01-24 03:42:00
,,,,,,24.3,66.71,medium,2023-01-24 03:58:00
,,,,,,25.13,49.99,medium,2023-01-24 04:27:00
,,,,,,23.72,54.71,medium,2023-01-24 05:07:00
,,,,,,25.68,59.92,low,2023-01-24 05:33:00
,,,,,,24.4,43.88,medium,2023-01-24 06:47:00
,,,,,,24.43,46.73,medium,2023-01-24 07:06:00
,,,,,,25.64,50.46,low,2023-01-24 07:22:00
,,,,,,24.33,71.96,medium,2023-01-24 07:54:00
,,,,,,27.08,43.85,low,2023-01-24 08:00:00
,,,,,,23.28,65.33,low,2023-01-24 09:06:00
,,,,,,24.35,36.63,medium,2023-01-24 09:46:00
,,,,,,25.72,36.57,medium,2023-01-24 10:30:00
,,,,,,22.16,42.95,medium,2023-01-24 10:36:00
,,,,,,26.5,57.4,medium,2023-01-24 11:27:00
,,,,,,25.29,51.54,medium,2023-01-24 11:32:00
,,,,,,23.97,52.24,medium,2023-01-24 12:08:00
,,,,,,26.39,54.78,medium,2023-01-24 13:05:00
,,,,,,22.74,56.02,medium,2023-01-24 13:41:00
,,,,,,23.09,39.6,low,2023-01-24 13:48:00
,,,,,,26.61,45.68,low,2023-01-24 14:05:00
,,,,,,20.76,48.39,medium,2023-01-24 14:39:00
,,,,,,24.72,53.38,low,2023-01-24 15:43:00
,,,,,,26.0,40.39,medium,2023-01-24 15:49:00
,,,,,,25.37,60.7,low,2023-01-24 16:08:00
,,,,,,24.0,42.4,low,2023-01-24 16:33:00
,,,,,,25.79,53.19,low,2023-01-24 16:54:00
,,,,,,24.5,45.67,medium,2023-01-24 17:15:00
,,,,,,23.91,43.1,medium,2023-01-24 17:25:00
,,,,,,21.42,48.57,low,2023-01-24 18:10:00
,,,,,,26.42,45.07,low,2023-01-24 19:09:00
,,,,,,27.36,42.75,medium,2023-01-24 20:43:00
,,,,,,28.68,38.98,low,2023-01-24 20:45:00
,,,,,,23.41,50.69,low,2023-01-24 21:56:00
,,,,,,24.94,49.8,medium,2023-01-24 22:01:00
,,,,,,25.54,56.63,low,2023-01-24 22:06:00
,,,,,,27.28,49.61,medium,2023-01-24 22:25:00
,,,,,,25.49,49.65,low,2023-01-24 23:31:00
,,,,,,26.16,59.43,medium,2023-01-24 23:43:00
,,,,,,26.42,45.07,low,2023-01-25 00:14:00
,,,,,,24.94,53.26,low,2023-01-25 00:53:00
,,,,,,22.93,50.79,low,2023-01-25 00:54:00
,,,,,,23.91,70.43,low,2023-01-25 01:48:00
,,,,,,24.36,55.53,medium,2023-01-25 02:16:00
,,,,,,24.64,48.98,medium,2023-01-25 02:57:00
,,,,,,24.16,63.97,low,2023-01-25 02:58:00
,,,,,,24.28,49.55,medium,2023-01-25 03:42:00
,,,,,,26.75,53.6,medium,2023-01-25 03:53:00
,,,,,,26.29,68.34,medium,2023-01-25 04:39:00
,,,,,,24.47,33.1,low,2023-01-25 04:41:00
,,,,,,23.31,42.33,medium,2023-01-25 05:08:00
,,,,,,26.25,48.19,low,2023-01-25 05:13:00
,,,,,,24.33,55.69,medium,2023-01-25 05:17:00
,,,,,,21.96,23.45,medium,2023-01-25 06:14:00
,,,,,,24.64,51.96,medium,2023-01-25 06:19:00
,,,,,,27.36,42.75,medium,2023-01-25 07:50:00
,,,,,,23.96,39.23,medium,2023-01-25 08:09:00
,,,,,,27.24,51.4,medium,2023-01-25 09:37:00
,,,,,,23.53,41.06,low,2023-01-25 09:50:00
,,,,,,21.74,49.28,low,2023-01-25 09:57:00
,,,,,,26.37,60.36,low,2023-01-25 10:14:00
,,,,,,22.77,58.19,medium,2023-01-25 10:32:00
,,,,,,24.17,42.49,low,2023-01-25 10:53:00
,,,,,,25.72,39.6,medium,2023-01-25 11:17:00
,,,,,,20.53,59.94,low,2023-01-25 11:23:00
,,,,,,24.1,62.5,medium,2023-01-25 12:07:00
,,,,,,25.66,59.01,low,2023-01-25 12:08:00
,,,,,,24.87,54.04,medium,2023-01-25 12:52:00
,,,,,,23.94,67.72,medium,2023-01-25 13:03:00
,,,,,,24.43,45.67,medium,2023-01-25 13:32:00
,,,,,,23.15,60.36,medium,2023-01-25 13:42:00
,,,,,,22.77,58.19,medium,2023-01-25 14:38:00
,,,,,,23.81,38.28,medium,2023-01-25 14:45:00
,,,,,,25.02,41.45,medium,2023-01-25 14:49:00
,,,,,,23.74,48.19,low,2023-01-25 15:12:00
,,,,,,23.74,48.19,low,2023-01-25 16:02:00
,,,,,,26.84,46.19,medium,2023-01-25 17:16:00
,,,,,,23.34,51.55,medium,2023-01-25 18:16:00
,,,,,,23.7,55.88,low,2023-01-25 18:55:00
,,,,,,23.36,54.24,medium,2023-01-25 19:23:00
,,,,,,22.8,45.49,medium,2023-01-25 20:34:00
,,,,,,24.09,55.58,low,2023-01-25 21:53:00
,,,,,,22.9,69.4,medium,2023-01-25 22:27:00
,,,,,,24.83,30.7,medium,2023-01-25 22:30:00
,,,,,,21.2,47.94,low,2023-01-25 23:07:00
,,,,,,23.12,51.09,medium,2023-01-25 23:21:00
,,,,,,25.67,43.59,medium,2023-01-26 00:10:00
,,,,,,22.62,57.05,medium,2023-01-26 01:30:00
,,,,,,25.15,32.14,low,2023-01-26 02:21:00
,,,,,,22.7,36.56,low,2023-01-26 02:25:00
,,,,,,21.88,50.43,medium,2023-01-26 03:18:00
,,,,,,25.63,49.52,low,2023-01-26 04:24:00
,,,,,,25.43,53.31,low,2023-01-26 05:28:00
,,,,,,24.94,53.26,low,2023-01-26 05:36:00
,,,,,,25.55,44.22,low,2023-01-26 05:49:00
,,,,,,25.18,29.46,medium,2023-01-26 06:17:00
,,,,,,25.66,48.19,low,2023-01-26 06:37:00
,,,,,,24.14,61.62,medium,2023-01-26 07:46:00
,,,,,,23.67,47.79,medium,2023-01-26 07:56:00
,,,,,,24.26,42.61,medium,2023-01-26 08:35:00
,,,,,,22.79,47.94,low,2023-01-26 08:44:00
,,,,,,25.18,29.46,medium,2023-01-26 09:01:00
,,,,,,25.09,55.33,medium,2023-01-26 10:00:00
,,,,,,24.09,55.33,medium,2023-01-26 10:04:00
,,,,,,21.72,50.29,medium,2023-01-26 10:05:00
,,,,,,24.6,35.41,medium,2023-01-26 11:37:00
,,,,,,22.42,40.77,medium,2023-01-26 11:47:00
,,,,,,26.97,32.81,low,2023-01-26 12:27:00
,,,,,,24.64,48.33,medium,2023-01-26 13:32:00
,,,,,,26.63,48.82,low,2023-01-26 13:40:00
,,,,,,23.57,61.18,medium,2023-01-26 14:21:00
,,,,,,24.26,42.61,medium,2023-01-26 14:32:00
,,,,,,25.35,32.35,low,2023-01-26 15:49:00
,,,,,,22.24,59.62,low,2023-01-26 16:08:00
,,,,,,27.08,43.85,low,2023-01-26 16:13:00
,,,,,,24.84,44.22,low,2023-01-26 16:21:00
,,,,,,26.27,37.14,medium,2023-01-26 17:48:00
,,,,,,27.06,56.11,low,2023-01-26 18:17:00
,,,,,,23.11,40.6,low,2023-01-26 19:01:00
,,,,,,23.0,55.55,low,2023-01-26 20:37:00
,,,,,,20.76,48.39,medium,2023-01-26 20:52:00
,,,,,,22.39,48.51,medium,2023-01-26 21:13:00
,,,,,,26.91,67.99,medium,2023-01-26 22:10:00
,,,,,,26.25,46.57,low,2023-01-26 23:15:00
,,,,,,22.89,49.89,low,2023-01-26 23:34:00
,,,,,,20.25,48.51,medium,2023-01-26 23:56:00
,,,,,,21.15,53.94,medium,2023-01-27 00:20:00
,,,,,,23.92,56.82,low,2023-01-27 01:04:00
,,,,,,24.6,56.81,low,2023-01-27 02:14:00
,,,,,,23.45,48.41,medium,2023-01-27 02:16:00
,,,,,,25.81,48.66,low,2023-01-27 03:00:00
,,,,,,22.88,77.76,medium,2023-01-27 03:38:00
,,,,,,21.89,39.5,medium,2023-01-27 03:58:00
,,,,,,23.08,49.34,low,2023-01-27 04:27:00
,,,,,,23.64,44.57,low,2023-01-27 04:59:00
,,,,,,20.96,62.44,medium,2023-01-27 04:59:00
,,,,,,25.87,45.67,low,2023-01-27 05:12:00
,,,,,,26.79,54.32,low,2023-01-27 05:49:00
,,,,,,25.35,32.35,low,2023-01-27 06:19:00
,,,,,,22.41,64.29,low,2023-01-27 06:33:00
,,,,,,20.6,64.57,medium,2023-01-27 06:33:00
,,,,,,21.32,52.39,medium,2023-01-27 07:18:00
,,,,,,23.35,58.03,medium,2023-01-27 08:06:00
,,,,,,19.61,65.99,medium,2023-01-27 09:06:00
,,,,,,21.2,47.94,low,2023-01-27 09:53:00
,,,,,,25.37,60.7,low,2023-01-27 10:20:00
,,,,,,23.15,52.93,medium,2023-01-27 10:44:00
,,,,,,24.27,60.98,low,2023-01-27 10:49:00
,,,,,,22.43,43.09,low,2023-01-27 11:15:00
,,,,,,23.99,40.3,medium,2023-01-27 11:35:00
,,,,,,23.67,47.79,medium,2023-01-27 11:46:00
,,,,,,26.34,40.72,medium,2023-01-27 12:13:00
,,,,,,24.94,53.26,low,2023-01-27 13:06:00
,,,,,,23.63,40.22,low,2023-01-27 14:07:00
,,,,,,22.89,49.89,low,2023-01-27 14:10:00
,,,,,,20.58,76.38,medium,2023-01-27 14:10:00
,,,,,,28.02,56.19,low,2023-01-27 15:23:00
,,,,,,23.28,60.9,medium,2023-01-27 15:59:00
,,,,,,24.09,47.43,low,2023-01-27 16:01:00
,,,,,,23.94,67.72,medium,2023-01-27 16:12:00
,,,,,,24.25,54.08,medium,2023-01-27 16:32:00
,,,,,,20.77,53.0,medium,2023-01-27 17:22:00
,,,,,,25.59,45.37,low,2023-01-27 17:23:00
,,,,,,21.15,47.33,medium,2023-01-27 17:34:00
,,,,,,25.74,61.15,low,2023-01-27 18:04:00
,,,,,,25.57,41.02,medium,2023-01-27 18:15:00
,,,,,,25.55,37.73,medium,2023-01-27 18:30:00
,,,,,,23.62,40.57,low,2023-01-27 19:24:00
,,,,,,21.11,50.93,low,2023-01-27 20:20:00
,,,,,,25.82,44.5,high,2023-01-27 20:25:00
,,,,,,22.84,44.75,medium,2023-01-27 21:18:00
,,,,,,26.33,47.96,medium,2023-01-27 21:56:00
,,,,,,22.02,50.57,low,2023-01-27 22:08:00
,,,,,,22.43,43.09,low,2023-01-27 22:35:00
,,,,,,23.1,56.23,low,2023-01-27 23:14:00
,,,,,,26.91,61.9,low,2023-01-28 00:25:00
,,,,,,27.57,46.2,medium,2023-01-28 00:26:00
,,,,,,27.75,67.28,medium,2023-01-28 01:45:00
,,,,,,24.15,43.4,low,2023-01-28 01:51:00
,,,,,,22.16,42.95,medium,2023-01-28 02:46:00
,,,,,,23.97,55.79,low,2023-01-28 03:00:00
,,,,,,23.64,55.2,medium,2023-01-28 03:05:00
,,,,,,25.48,57.06,medium,2023-01-28 03:35:00
,,,,,,27.36,31.26,medium,2023-01-28 04:02:00
,,,,,,20.44,29.86,low,2023-01-28 04:13:00
,,,,,,22.24,53.88,medium,2023-01-28 04:20:00
,,,,,,25.86,34.27,medium,2023-01-28 05:30:00
,,,,,,27.02,64.42,medium,2023-01-28 05:30:00
,,,,,,23.52,50.79,medium,2023-01-28 06:08:00
,,,,,,22.57,47.38,medium,2023-01-28 06:08:00
,,,,,,26.39,35.24,high,2023-01-28 07:35:00
,,,,,,23.09,52.45,low,2023-01-28 08:54:00
,,,,,,27.07,42.8,medium,2023-01-28 09:11:00
,,,,,,22.8,44.36,medium,2023-01-28 09:30:00
,,,,,,26.09,40.96,medium,2023-01-28 10:22:00
,,,,,,25.3,38.62,medium,2023-01-28 11:00:00
,,,,,,22.7,36.56,low,2023-01-28 11:47:00
,,,,,,24.47,40.02,low,2023-01-28 11:49:00
,,,,,,25.86,53.95,medium,2023-01-28 12:03:00
,,,,,,21.11,50.93,low,2023-01-28 12:26:00
,,,,,,27.21,65.62,medium,2023-01-28 12:32:00
,,,,,,27.13,42.98,low,2023-01-28 13:22:00
,,,,,,20.51,40.78,medium,2023-01-28 13:54:00
,,,,,,24.08,39.98,medium,2023-01-28 14:07:00
,,,,,,26.67,53.91,medium,2023-01-28 14:15:00
,,,,,,24.6,35.41,medium,2023-01-28 15:56:00
,,,,,,22.92,38.12,medium,2023-01-28 16:35:00
,,,,,,26.68,72.49,low,2023-01-28 16:42:00
,,,,,,24.9,49.52,medium,2023-01-28 17:28:00
,,,,,,23.74,48.19,low,2023-01-28 17:50:00
,,,,,,24.13,52.05,low,2023-01-28 18:07:00
,,,,,,21.15,50.69,low,2023-01-28 18:29:00
,,,,,,23.88,42.51,low,2023-01-28 18:33:00
,,,,,,25.03,51.8,low,2023-01-28 19:52:00
,,,,,,22.47,47.7,low,2023-01-28 19:52:00
,,,,,,24.15,65.89,medium,2023-01-28 19:57:00
,,,,,,24.17,42.49,low,2023-01-28 20:44:00
,,,,,,22.25,36.17,medium,2023-01-28 21:20:00
,,,,,,20.01,53.74,medium,2023-01-28 22:07:00
,,,,,,24.94,49.8,medium,2023-01-28 22:12:00
,,,,,,23.84,57.85,medium,2023-01-28 22:51:00
,,,,,,22.57,31.95,high,2023-01-28 23:31:00
,,,,,,23.63,55.72,medium,2023-01-28 23:48:00
,,,,,,20.6,64.57,medium,2023-01-29 00:46:00
,,,,,,24.49,59.03,low,2023-01-29 01:29:00
,,,,,,23.56,38.89,low,2023-01-29 02:06:00
,,,,,,23.28,60.9,medium,2023-01-29 02:35:00
,,,,,,25.67,43.59,medium,2023-01-29 02:37:00
,,,,,,22.16,42.95,medium,2023-01-29 03:57:00
,,,,,,22.52,48.97,low,2023-01-29 04:23:00
,,,,,,22.54,39.49,medium,2023-01-29 04:34:00
,,,,,,22.44,45.76,medium,2023-01-29 04:38:00
,,,,,,23.61,61.67,low,2023-01-29 05:48:00
,,,,,,26.13,43.2,low,2023-01-29 06:04:00
,,,,,,23.53,41.06,low,2023-01-29 07:36:00
,,,,,,25.81,50.19,low,2023-01-29 07:38:00
,,,,,,25.65,54.81,high,2023-01-29 08:36:00
,,,,,,25.09,69.38,medium,2023-01-29 08:49:00
,,,,,,24.17,65.95,medium,2023-01-29 09:43:00
,,,,,,22.68,65.4,medium,2023-01-29 10:21:00
,,,,,,19.53,52.35,medium,2023-01-29 10:56:00
,,,,,,21.82,58.35,low,2023-01-29 11:37:00
,,,,,,25.66,48.19,low,2023-01-29 12:05:00
,,,,,,25.99,42.43,low,2023-01-29 12:10:00
,,,,,,24.7,41.56,low,2023-01-29 12:10:00
,,,,,,25.18,45.58,medium,2023-01-29 13:41:00
,,,,,,26.22,33.86,medium,2023-01-29 13:56:00
,,,,,,21.11,50.93,low,2023-01-29 14:41:00
,,,,,,24.55,58.27,medium,2023-01-29 14:42:00
,,,,,,22.97,60.96,low,2023-01-29 15:25:00
,,,,,,23.63,40.22,low,2023-01-29 15:29:00
,,,,,,23.18,31.66,low,2023-01-29 15:29:00
,,,,,,27.62,53.58,medium,2023-01-29 16:00:00
,,,,,,25.37,52.03,medium,2023-01-29 16:01:00
,,,,,,20.76,48.39,medium,2023-01-29 16:34:00
,,,,,,24.58,57.81,low,2023-01-29 17:08:00
,,,,,,26.61,51.1,medium,2023-01-29 17:10:00
,,,,,,25.59,37.46,high,2023-01-29 17:58:00
,,,,,,25.31,75.73,medium,2023-01-29 18:35:00
,,,,,,26.22,33.86,medium,2023-01-29 18:40:00
,,,,,,23.94,39.21,low,2023-01-29 19:10:00
,,,,,,21.2,47.94,low,2023-01-29 20:32:00
,,,,,,21.77,66.06,medium,2023-01-29 20:47:00
,,,,,,27.71,52.24,medium,2023-01-29 21:00:00
,,,,,,22.25,41.94,medium,2023-01-29 21:30:00
,,,,,,25.02,57.42,low,2023-01-29 22:14:00
,,,,,,25.65,54.81,high,2023-01-29 22:17:00
,,,,,,22.46,60.11,low,2023-01-29 23:20:00
,,,,,,25.59,46.73,low,2023-01-30 00:00:00
,,,,,,26.84,46.19,medium,2023-01-30 00:58:00
,,,,,,25.85,46.43,medium,2023-01-30 01:51:00
,,,,,,24.29,56.16,medium,2023-01-30 02:24:00
,,,,,,24.3,32.59,low,2023-01-30 02:49:00
,,,,,,27.24,51.4,medium,2023-01-30 03:36:00
,,,,,,22.8,39.68,medium,2023-01-30 03:57:00
,,,,,,26.41,61.42,medium,2023-01-30 04:18:00
,,,,,,24.63,60.03,low,2023-01-30 04:29:00
,,,,,,27.53,39.36,medium,2023-01-30 04:52:00
,,,,,,27.2,46.37,low,2023-01-30 05:16:00
,,,,,,22.07,43.89,medium,2023-01-30 05:32:00
,,,,,,26.42,45.07,low,2023-01-30 06:02:00
,,,,,,24.99,52.65,low,2023-01-30 06:17:00
,,,,,,22.49,60.69,medium,2023-01-30 06:21:00
,,,,,,25.99,42.43,low,2023-01-30 07:29:00
,,,,,,21.24,34.4,medium,2023-01-30 07:48:00
,,,,,,26.49,30.84,medium,2023-01-30 07:54:00
,,,,,,19.81,51.2,medium,2023-01-30 08:42:00
,,,,,,24.45,63.64,medium,2023-01-30 09:27:00
,,,,,,27.21,49.37,low,2023-01-30 09:59:00
,,,,,,23.45,54.51,medium,2023-01-30 10:48:00
,,,,,,20.92,35.14,medium,2023-01-30 10:52:00
,,,,,,26.42,45.07,low,2023-01-30 10:59:00
,,,,,,28.24,47.72,medium,2023-01-30 11:12:00
,,,,,,22.85,43.39,medium,2023-01-30 12:49:00
,,,,,,24.08,46.64,medium,2023-01-30 12:59:00
,,,,,,21.9,27.36,medium,2023-01-30 13:22:00
,,,,,,24.27,60.98,low,2023-01-30 13:56:00
,,,,,,25.02,57.42,low,2023-01-30 14:35:00
,,,,,,24.6,35.41,medium,2023-01-30 14:50:00
,,,,,,23.45,48.41,medium,2023-01-30 14:52:00
,,,,,,20.5,37.43,medium,2023-01-30 15:31:00
,,,,,,24.46,60.39,medium,2023-01-30 15:36:00
,,,,,,25.02,57.42,low,2023-01-30 16:24:00
,,,,,,24.61,44.66,low,2023-01-30 16:32:00
,,,,,,26.14,39.03,low,2023-01-30 17:11:00
,,,,,,25.01,67.59,medium,2023-01-30 17:19:00
,,,,,,21.85,50.46,medium,2023-01-30 18:38:00
,,,,,,24.86,43.65,low,2023-01-30 19:02:00
,,,,,,22.11,46.28,low,2023-01-30 20:38:00
,,,,,,26.32,41.89,medium,2023-01-30 21:59:00
,,,,,,21.91,47.78,medium,2023-01-30 22:00:00
,,,,,,24.11,38.79,low,2023-01-30 22:15:00
,,,,,,22.8,55.44,medium,2023-01-30 23:00:00
,,,,,,24.64,48.33,medium,2023-01-30 23:07:00
,,,,,,22.08,58.31,medium,2023-01-30 23:32:00
